fighter_id,n_fights,bin
d1941565abf50b16,45,"(20, 50]"
3738e68d2261e60f,41,"(20, 50]"
1d00756835ca67c9,37,"(20, 50]"
c47df9303d318c67,37,"(20, 50]"
6a2f7c151031653d,36,"(20, 50]"
84b3e7d38f2d2ec5,35,"(20, 50]"
18968f97ad34f15c,34,"(20, 50]"
07225ba28ae309b6,34,"(20, 50]"
427b5953ac8e3a27,33,"(20, 50]"
82e7929bf6c2b689,32,"(20, 50]"
150ff4cc642270b9,31,"(20, 50]"
64a50dad704d1d49,31,"(20, 50]"
511e82663651438d,31,"(20, 50]"
029eaff01e6bb8f0,31,"(20, 50]"
6a1901c62ab3870f,30,"(20, 50]"
31123249b0bbf52e,30,"(20, 50]"
d3df1add9d9a7efb,30,"(20, 50]"
f2688492b9a525a3,30,"(20, 50]"
92a9aa9c93192871,30,"(20, 50]"
4b47e71384a9522f,29,"(20, 50]"
7aa3d6964eff4877,29,"(20, 50]"
2b93ebd9f5417ad2,29,"(20, 50]"
f0feeb2192937424,28,"(20, 50]"
75e5fec9f72910ef,28,"(20, 50]"
50db8711c70196cd,28,"(20, 50]"
8355922d564b152c,27,"(20, 50]"
31ee470ef5dc8d7f,27,"(20, 50]"
73c7cfa551289285,27,"(20, 50]"
2f732dd9210d301f,27,"(20, 50]"
3bad7ef643840f67,27,"(20, 50]"
1ff9589f9065a9ed,27,"(20, 50]"
a8283a4f415e1eb9,26,"(20, 50]"
0c6d9ea8306c029e,26,"(20, 50]"
887961364be5ceb3,26,"(20, 50]"
3a46b268013afede,26,"(20, 50]"
f2925e6db404bf1d,25,"(20, 50]"
d4c9dcd330403612,25,"(20, 50]"
4f732e58ed907eff,25,"(20, 50]"
d247691a6c0e9034,25,"(20, 50]"
0ee783aa00e468f0,25,"(20, 50]"
a8e6a69796280f17,25,"(20, 50]"
06f36cf4bd97ec77,25,"(20, 50]"
dd37fd509af89f15,25,"(20, 50]"
621a6c59f88a44fe,25,"(20, 50]"
f7a7f7118d4b01b6,24,"(20, 50]"
6fb1ba67bef41b37,24,"(20, 50]"
d156513a19acf856,24,"(20, 50]"
22a92d7f62195791,24,"(20, 50]"
1f454354805b6f75,24,"(20, 50]"
08af939f41b5a57b,24,"(20, 50]"
23024fdfc966410a,24,"(20, 50]"
7c7332319c14094c,24,"(20, 50]"
ebc1f40e00e0c481,24,"(20, 50]"
523fa774700d7d3f,24,"(20, 50]"
519e4fe37ce9ff75,24,"(20, 50]"
dea070ed4a2a8281,24,"(20, 50]"
e1147d3d2dabe1ce,24,"(20, 50]"
6ac9bc2953c47345,24,"(20, 50]"
8fd808923cffff82,24,"(20, 50]"
c80095f6092271a7,24,"(20, 50]"
140745cbbcb023ac,24,"(20, 50]"
0aa92558424ced9e,24,"(20, 50]"
07f72a2a7591b409,23,"(20, 50]"
ee779c43a8926d52,23,"(20, 50]"
a390eb8a9b2df298,23,"(20, 50]"
d0f3959b4a9747e6,23,"(20, 50]"
0d8011111be000b2,23,"(20, 50]"
7ff97850e8c32bda,23,"(20, 50]"
63def5a5662a6917,23,"(20, 50]"
6d4b63c767106d3a,23,"(20, 50]"
8c0580d4fff106c1,23,"(20, 50]"
a845f0735bc67405,22,"(20, 50]"
d43a048a880efdff,22,"(20, 50]"
cb696ebfb6598724,22,"(20, 50]"
270b89c00ef0c55c,22,"(20, 50]"
4a28cb716c19157a,22,"(20, 50]"
193b9d1858bc4df3,22,"(20, 50]"
47b9e0e7703a4868,22,"(20, 50]"
6506c1d34da9c013,22,"(20, 50]"
cdb96af67d096b1e,22,"(20, 50]"
c9cf753cfdf77fc2,22,"(20, 50]"
0941df56f6ac954b,21,"(20, 50]"
ccd1299e0345e0ce,21,"(20, 50]"
99df7d0a2a08a8a8,21,"(20, 50]"
57b10fca4f9c9a7a,21,"(20, 50]"
acff437707625fc7,21,"(20, 50]"
b1a3e0aca758b322,21,"(20, 50]"
c96d9178c9ed9e62,21,"(20, 50]"
9fa3bd637edd9aa2,21,"(20, 50]"
cfb65863d5099327,21,"(20, 50]"
d81ac739417d7f53,21,"(20, 50]"
c58f51dedb310998,21,"(20, 50]"
80eacd4da0617c57,21,"(20, 50]"
e5c9de15bb58b1c6,21,"(20, 50]"
13a0275fa13c4d26,20,"(10, 20]"
3a8176e15b9887c1,20,"(10, 20]"
91acd6910b802a9e,20,"(10, 20]"
c0ab242c40decc55,20,"(10, 20]"
82a5152216251682,20,"(10, 20]"
cbb682f5fcc44bfc,20,"(10, 20]"
5f87a5c00b3d17ed,20,"(10, 20]"
501b07aec9b8fc2d,20,"(10, 20]"
5f04e3d58d9ce982,20,"(10, 20]"
6d1bffff14897645,20,"(10, 20]"
c21a036b4e012f1c,20,"(10, 20]"
5d7bdab5e03e3216,20,"(10, 20]"
c6aee362c7a7d482,20,"(10, 20]"
d897897060f10a3a,20,"(10, 20]"
6bd02119599741a4,20,"(10, 20]"
94527830000ab715,20,"(10, 20]"
1091d4d957141094,20,"(10, 20]"
b4ad3a06ee4d660c,20,"(10, 20]"
3f7c14c7eca7195d,19,"(10, 20]"
a331233f597090a5,19,"(10, 20]"
fa6796c55d6c5440,19,"(10, 20]"
d28dee5c705991df,19,"(10, 20]"
f9f07bb5a43535ed,19,"(10, 20]"
6c2030e0a143a94b,19,"(10, 20]"
38c7f72747f4f712,19,"(10, 20]"
282fa667ff9c51ed,19,"(10, 20]"
05339613bf8e9808,19,"(10, 20]"
eabf206b162b3b83,19,"(10, 20]"
b1b0729d27936f2f,19,"(10, 20]"
fc169c387b4b465d,19,"(10, 20]"
65578a75fa7900e3,19,"(10, 20]"
365fee2da473b177,19,"(10, 20]"
7d96bc577e5178b2,19,"(10, 20]"
ee9ebceabfd16fa7,19,"(10, 20]"
cd13728ae1151f46,19,"(10, 20]"
5b5307450405abf0,19,"(10, 20]"
484acc7b0f856ce9,19,"(10, 20]"
aa72b0f831d0bfe5,19,"(10, 20]"
b6452706b373eea1,19,"(10, 20]"
f1b2aa7853d1ed6e,19,"(10, 20]"
f5990c11974d8e9c,19,"(10, 20]"
2f13e4020cea5b38,19,"(10, 20]"
b361180739bed4b0,18,"(10, 20]"
1338e2c7480bdf9e,18,"(10, 20]"
78114b7199cef90c,18,"(10, 20]"
8a304bfd6bf04a57,18,"(10, 20]"
1eacf73d6a0055dc,18,"(10, 20]"
b0d6a1d8ac3d563d,18,"(10, 20]"
132deb59abae64b1,18,"(10, 20]"
8a59d346dc976a10,18,"(10, 20]"
1ccf4e7caff270df,18,"(10, 20]"
6da99156486ed6c2,18,"(10, 20]"
0a1942069c9ad6b6,18,"(10, 20]"
3c6976f8182d9527,18,"(10, 20]"
ab943cd2c3c17825,18,"(10, 20]"
80fa8218c99f9c58,18,"(10, 20]"
d7c3816669784109,18,"(10, 20]"
c849740a3ff51931,18,"(10, 20]"
492b202d2064e7a9,18,"(10, 20]"
8adcbd525fab8d9b,18,"(10, 20]"
f1fac969a1d70b08,18,"(10, 20]"
4a57ebb14315b251,18,"(10, 20]"
eb29176b03dfa888,18,"(10, 20]"
fcd448a2fe1a23cc,18,"(10, 20]"
792be9a24df82ed6,18,"(10, 20]"
6f018c039b4d5d80,18,"(10, 20]"
e64b96c07d7ce999,18,"(10, 20]"
47b63240018d5d86,18,"(10, 20]"
31ef8b67e13495b3,18,"(10, 20]"
cad24459b28592ca,18,"(10, 20]"
2f181c0467965b98,17,"(10, 20]"
0dba4df5f34d5ff0,17,"(10, 20]"
d8da10db80131bec,17,"(10, 20]"
2c99576fefe53c7c,17,"(10, 20]"
7acbb0972e75281a,17,"(10, 20]"
a0f0004aadf10b71,17,"(10, 20]"
cb139171ed1b69fe,17,"(10, 20]"
8b69839f3555a67b,17,"(10, 20]"
3974fa35c917af1d,17,"(10, 20]"
8f2d9ee27f206f1f,17,"(10, 20]"
bd58d34e39b7b12a,17,"(10, 20]"
99506df1af6c8b3b,17,"(10, 20]"
d2bc285ead803db0,17,"(10, 20]"
eef9b891edbd4604,17,"(10, 20]"
cc7040fe76f0ef91,17,"(10, 20]"
e1248941344b3288,17,"(10, 20]"
98c23cb6da5b3352,17,"(10, 20]"
9bcf8603ceb25680,17,"(10, 20]"
3236bf606fe9fa5b,17,"(10, 20]"
f34312c2ccfa0e00,17,"(10, 20]"
275aca31f61ba28c,17,"(10, 20]"
4e06913c91da5200,17,"(10, 20]"
dc9572dd6ec74859,17,"(10, 20]"
12f91bfa8f1f723b,17,"(10, 20]"
6f242453c91a5af0,17,"(10, 20]"
e872e9a9a902c045,17,"(10, 20]"
7be14eaed4c74856,17,"(10, 20]"
902ec2cc48c8ae8a,17,"(10, 20]"
2f95a3c6d58b2aad,17,"(10, 20]"
279566840aa55bf2,17,"(10, 20]"
fd55393021a8c255,16,"(10, 20]"
d8c7c61b176e3994,16,"(10, 20]"
a495f599e787614f,16,"(10, 20]"
d910665038efc639,16,"(10, 20]"
0d65c432720accb9,16,"(10, 20]"
f53d4f21d1b5f2dc,16,"(10, 20]"
fc9a9559a05f2704,16,"(10, 20]"
d317a5e2b3f88c5f,16,"(10, 20]"
c62fbc117d57b943,16,"(10, 20]"
c268b2cfebccf652,16,"(10, 20]"
79899ecf62020f6d,16,"(10, 20]"
6fd953151d981979,16,"(10, 20]"
e4277e87a789d687,16,"(10, 20]"
e9a3aeb207578eea,16,"(10, 20]"
7a703c565ccaa18f,16,"(10, 20]"
b102c26727306ab6,16,"(10, 20]"
effd9de9937996f8,16,"(10, 20]"
b9437600497350f3,16,"(10, 20]"
262a7d06203657e6,16,"(10, 20]"
749f572d1d3161fb,16,"(10, 20]"
7026eca45f65377b,15,"(10, 20]"
5f179af5fffeb9f6,15,"(10, 20]"
5987b2458f4b5290,15,"(10, 20]"
f1d64ae34e088832,15,"(10, 20]"
b7d524c77c27389b,15,"(10, 20]"
f2477cf43c4975cc,15,"(10, 20]"
dbc17725b887860a,15,"(10, 20]"
f2b6fdb20675b11c,15,"(10, 20]"
436f970c9ea9169c,15,"(10, 20]"
4130a743d9d22163,15,"(10, 20]"
16690d100f995f8f,15,"(10, 20]"
0ff11cc094e887bc,15,"(10, 20]"
cd2c4d30c6e13b47,15,"(10, 20]"
729d4bd5a6cd0a97,15,"(10, 20]"
01b352b6a9074d5c,15,"(10, 20]"
fba03cd6cc28dc41,15,"(10, 20]"
7447e9f28508106a,15,"(10, 20]"
efb96bf3e9ada36f,15,"(10, 20]"
5866fc86183a9fb8,15,"(10, 20]"
179f1948dc234f1f,15,"(10, 20]"
98b80a717b9bda17,15,"(10, 20]"
32c355b04fc57f3a,15,"(10, 20]"
d1a1314976c50bef,15,"(10, 20]"
59279a7c978f7da0,15,"(10, 20]"
d945aae53e3e54e6,15,"(10, 20]"
65f09bacd3957381,15,"(10, 20]"
751de04455cfaac0,15,"(10, 20]"
cb46dface0e28a2c,15,"(10, 20]"
2cd428e9606856fd,15,"(10, 20]"
c6a33ff198aaaeeb,15,"(10, 20]"
eb04b9d31e938edb,15,"(10, 20]"
c03520b5c88ed6b4,15,"(10, 20]"
bf7ad5628363eec9,15,"(10, 20]"
03f982ca3735070c,15,"(10, 20]"
634e2fb70bde3fd5,15,"(10, 20]"
9fe85152f351e737,15,"(10, 20]"
5e4eec08896c9423,15,"(10, 20]"
fcffee71cff5530e,15,"(10, 20]"
f72465a784c1b084,15,"(10, 20]"
d661ce4da776fc20,15,"(10, 20]"
cbf5e6f231b55443,15,"(10, 20]"
0845c81e37d3bcb3,15,"(10, 20]"
8e9eb3fc86db0f7d,15,"(10, 20]"
056c493bbd76a918,15,"(10, 20]"
fa315e6c77eee106,15,"(10, 20]"
3d6749c4267da18f,15,"(10, 20]"
a67f5afa8d6a1b80,15,"(10, 20]"
e5010b1b94ca5755,15,"(10, 20]"
5331b25a60417ffb,15,"(10, 20]"
113df4fde64735c6,14,"(10, 20]"
813550bc53b15fb0,14,"(10, 20]"
a6cba6bb66c1a8c9,14,"(10, 20]"
7f955f71fa2ce7ac,14,"(10, 20]"
b7b84ccd221be298,14,"(10, 20]"
8667caa0451d245b,14,"(10, 20]"
8a1f3b5c526cd6e6,14,"(10, 20]"
d967f0128c323de6,14,"(10, 20]"
578ef12674df1e6a,14,"(10, 20]"
6256b2b1562cb8e1,14,"(10, 20]"
86dfed7cc24a9fa7,14,"(10, 20]"
f53c1f4ceeed8c08,14,"(10, 20]"
6551c64fbcd1a467,14,"(10, 20]"
2be6596a9db33bf5,14,"(10, 20]"
f57a8a52ca401ed9,14,"(10, 20]"
67c1d46f4ed16f9e,14,"(10, 20]"
c945adc22c2bfe8f,14,"(10, 20]"
1ae8f3c723aacff4,14,"(10, 20]"
51018a31ddf31eb2,14,"(10, 20]"
d802174b0c0c1f4e,14,"(10, 20]"
595db60957de51d3,14,"(10, 20]"
de45aaae23dfa392,14,"(10, 20]"
8d03ce87ca14e778,14,"(10, 20]"
1bcaac2d99b90fce,14,"(10, 20]"
de75d1c45a39e221,14,"(10, 20]"
8e5d953bdb9ae5e7,14,"(10, 20]"
87a1dc546b1c5caf,14,"(10, 20]"
9e8f6c728eb01124,14,"(10, 20]"
c21f26bbde777573,14,"(10, 20]"
45f0cc9d18f35137,14,"(10, 20]"
2676b28836a5a836,14,"(10, 20]"
48d1f690b763934c,14,"(10, 20]"
e8b731feff72294b,14,"(10, 20]"
ba280572acfba13f,14,"(10, 20]"
4c2d90e335e6df19,14,"(10, 20]"
e51fcd9cd84c0b93,14,"(10, 20]"
05fa626cb33d15b8,14,"(10, 20]"
20205040232ed0f3,14,"(10, 20]"
e2f6b2769aaedd6c,14,"(10, 20]"
b96619b3acd7d9da,14,"(10, 20]"
b27a1fcb56a3035a,14,"(10, 20]"
48e093ea1f43a053,14,"(10, 20]"
92437c6775b3f7d1,14,"(10, 20]"
cc6f9d1e89f3449a,14,"(10, 20]"
b5b684eac99ae0a3,14,"(10, 20]"
b44f39a5c6596953,14,"(10, 20]"
d1e7fc58d4225cdf,14,"(10, 20]"
f4c49976c75c5ab2,14,"(10, 20]"
236a37d96d476164,14,"(10, 20]"
92fa1401b7927da3,14,"(10, 20]"
4ba8d454f762005d,14,"(10, 20]"
fc31f896cde2bc2e,14,"(10, 20]"
7be74a12d7352df2,13,"(10, 20]"
7cbf7c78d3b34218,13,"(10, 20]"
f77c68bb4be8516d,13,"(10, 20]"
032cc3922d871c7f,13,"(10, 20]"
040a74bb0a465c54,13,"(10, 20]"
80daefbed11ce998,13,"(10, 20]"
b2e3aca4cd363477,13,"(10, 20]"
7f6ed67d3ed3c036,13,"(10, 20]"
9e50097a89442158,13,"(10, 20]"
cbd5d3cdd862e90e,13,"(10, 20]"
29af297d9f1de0f8,13,"(10, 20]"
c670aa48827d6be6,13,"(10, 20]"
98215d037be5bcb7,13,"(10, 20]"
9b7694d064a8a0ad,13,"(10, 20]"
f9b200db02b488d9,13,"(10, 20]"
99bd51917728c25d,13,"(10, 20]"
eae431e70064e046,13,"(10, 20]"
73e09f837f3b5ecc,13,"(10, 20]"
9d19d9e4aa2662e8,13,"(10, 20]"
b50a426a33da0012,13,"(10, 20]"
8d26912cd2aeb366,13,"(10, 20]"
8f6a18831a120817,13,"(10, 20]"
853eb0dd5c0e2149,13,"(10, 20]"
86f582852a5b240a,13,"(10, 20]"
a7897d200692ab64,13,"(10, 20]"
ffc088e64fab57e9,13,"(10, 20]"
c7d297714d9ab1a4,13,"(10, 20]"
4d8fa64202cee4c1,13,"(10, 20]"
63b65af1c5cb02cb,13,"(10, 20]"
5aedf14771ca82d2,13,"(10, 20]"
df1eb4354d18a906,13,"(10, 20]"
30a09e43f15f1d75,13,"(10, 20]"
b9706f80d005036c,13,"(10, 20]"
c41d426cc7326d1b,13,"(10, 20]"
cf65d56b0755ed3b,13,"(10, 20]"
447f9858ae78f921,13,"(10, 20]"
4144798612ef96e5,13,"(10, 20]"
327d5f279895110d,13,"(10, 20]"
234f3767ff0e5701,13,"(10, 20]"
cf9d24e4bd0cf2ce,13,"(10, 20]"
def8166ff24bd237,13,"(10, 20]"
3be081c29bf734d9,13,"(10, 20]"
2e19380f34871c6a,13,"(10, 20]"
d0c29452d3272603,13,"(10, 20]"
40093d1d2d78394e,13,"(10, 20]"
3df5493bb279226f,13,"(10, 20]"
3c0437fbeda06962,13,"(10, 20]"
e51e5cb722bd47a8,13,"(10, 20]"
361d49960a196976,13,"(10, 20]"
36541f1e6c5d4955,13,"(10, 20]"
beecb672a279223e,13,"(10, 20]"
b997be68943010fc,13,"(10, 20]"
2a542ee8a8b83559,13,"(10, 20]"
b9f28e7045fdfce7,13,"(10, 20]"
67f272324a030d00,13,"(10, 20]"
3a314d9fa7c6825d,13,"(10, 20]"
b9d0fd83bb8a147a,13,"(10, 20]"
7339d340aa2889cb,12,"(10, 20]"
21b8a0f5c231096f,12,"(10, 20]"
9ce6d5a03af801b7,12,"(10, 20]"
9cdd2da1a9104a0b,12,"(10, 20]"
83fd97284f4bb4a4,12,"(10, 20]"
08e908ed6d18d6a0,12,"(10, 20]"
349aaa3da11eb587,12,"(10, 20]"
b8aef0faf4ce9b31,12,"(10, 20]"
c451d67c09c55418,12,"(10, 20]"
aa1952ec0b3dd8e1,12,"(10, 20]"
6d68c1afe954f121,12,"(10, 20]"
c77a953488e5607d,12,"(10, 20]"
3253b16d38ae087d,12,"(10, 20]"
d512d9f204059f57,12,"(10, 20]"
1ebe20ebbfa15e29,12,"(10, 20]"
a1f6999fe57236e0,12,"(10, 20]"
ccdd90bd1fc7dab6,12,"(10, 20]"
0e041d43a47d2e4b,12,"(10, 20]"
029880cdbf5ca089,12,"(10, 20]"
329e403448756217,12,"(10, 20]"
351c4ec637380ad5,12,"(10, 20]"
5f99b2bafb10305f,12,"(10, 20]"
a17ad5a5048e8c3f,12,"(10, 20]"
49858bf46dabf6fb,12,"(10, 20]"
ab2b4ff41d6ebe0f,12,"(10, 20]"
b4192a975027aab6,12,"(10, 20]"
4498b382c65a7faa,12,"(10, 20]"
d9c6f19f958643e9,12,"(10, 20]"
f14f644d41ade29f,12,"(10, 20]"
902ab9197b83d0db,12,"(10, 20]"
673ea7dcc786b1b3,12,"(10, 20]"
ec34349e7dffcde7,12,"(10, 20]"
b1e5bcaad32a3cac,12,"(10, 20]"
53278852bcd91e11,12,"(10, 20]"
55ee431411ccf07a,12,"(10, 20]"
787bb1f087ccff8a,12,"(10, 20]"
285ae0b4a68221f4,12,"(10, 20]"
658c3465581ae46b,12,"(10, 20]"
971246648e162f0d,12,"(10, 20]"
f29a6350c69f4a33,12,"(10, 20]"
52e76bb4b3e852f3,12,"(10, 20]"
1e1dbd1cc5a7469e,12,"(10, 20]"
f797f0c57a83353e,12,"(10, 20]"
814e5233e2acf2ee,12,"(10, 20]"
a4de54ea806fb525,12,"(10, 20]"
8e1f36476ef02a6a,12,"(10, 20]"
4b4753d19489297f,12,"(10, 20]"
71002dbc1743b9a7,12,"(10, 20]"
8ddf9c51c5fdea75,12,"(10, 20]"
232c582f29f8f65e,12,"(10, 20]"
80d8aed0ca9b00f3,12,"(10, 20]"
bc711b6dd95c1af6,12,"(10, 20]"
d2cd7a69cc55e7ed,12,"(10, 20]"
0b64d0fed453ef7f,12,"(10, 20]"
72db2a14ffa73ece,11,"(10, 20]"
eae48ff31db420c2,11,"(10, 20]"
00e11b5c8b7bfeeb,11,"(10, 20]"
2650e2f846a30f64,11,"(10, 20]"
98f6da59d765ec94,11,"(10, 20]"
e5549c82bfb5582d,11,"(10, 20]"
b4c6c904a9ffc5e8,11,"(10, 20]"
4bd6b4800070b069,11,"(10, 20]"
d1c65d2cf2925ddd,11,"(10, 20]"
fea79f9bc8c68769,11,"(10, 20]"
1fb80f46d3c105d9,11,"(10, 20]"
49e96ff8ab781589,11,"(10, 20]"
cc8c623cca88f54f,11,"(10, 20]"
9673a497a9da119a,11,"(10, 20]"
6a740daf1b279661,11,"(10, 20]"
6e15f63b6c2e2c15,11,"(10, 20]"
ee9d73f4fee9cbdd,11,"(10, 20]"
9c907996820d2d69,11,"(10, 20]"
e9213f53ddeca978,11,"(10, 20]"
cc1a8b4b38b92c6d,11,"(10, 20]"
65ddc8a9ac4e8531,11,"(10, 20]"
91186547a7f3f758,11,"(10, 20]"
e0ec3c3b6b611f7e,11,"(10, 20]"
7dda2cf308f24a02,11,"(10, 20]"
1a31ef98efce7a79,11,"(10, 20]"
4d44f37107f01b9b,11,"(10, 20]"
3cf66c62d9069f43,11,"(10, 20]"
91dac5e69e28d5b5,11,"(10, 20]"
1a9480fc288e55d7,11,"(10, 20]"
a26198ba5093147e,11,"(10, 20]"
579fcdfcabd23a7b,11,"(10, 20]"
77d7295d1b22c694,11,"(10, 20]"
4aa58269d0664b5b,11,"(10, 20]"
9c65736747ca92ec,11,"(10, 20]"
fd5b6598a3b70c0a,11,"(10, 20]"
c814b4c899793af6,11,"(10, 20]"
9560ff14eb3129f7,11,"(10, 20]"
34f88592c0ab7a54,11,"(10, 20]"
aa171d55d4b5208f,11,"(10, 20]"
12ebd7d157e91701,11,"(10, 20]"
32490e80ddab1e5a,11,"(10, 20]"
33011768c3c4dc9a,11,"(10, 20]"
0fd5f4b838e890cc,11,"(10, 20]"
f14cf73e51b29254,11,"(10, 20]"
70e1f8a821b72c8b,11,"(10, 20]"
f9ab66e67240db7b,11,"(10, 20]"
2eeaefbfc7f9fcff,11,"(10, 20]"
2e5c2aa8e4ab9d82,11,"(10, 20]"
093e1f5bb73850be,11,"(10, 20]"
d5f820c11a121050,11,"(10, 20]"
809bd1a871491508,11,"(10, 20]"
6370c1c1e12723d5,11,"(10, 20]"
98d961097baaf308,11,"(10, 20]"
db1f2ed63b54b9a7,11,"(10, 20]"
2f5cbecbbe18bac4,11,"(10, 20]"
5b86d491d63890c5,11,"(10, 20]"
8349d55cdecd393a,11,"(10, 20]"
ae7fe94f117f98cf,11,"(10, 20]"
31a13532e724ca2b,11,"(10, 20]"
af9f42e6894047fc,11,"(10, 20]"
fa37628269132d1a,11,"(10, 20]"
5f61780fe5e9b6d0,11,"(10, 20]"
37098a6e6c27fb66,11,"(10, 20]"
52c2ae6d2f2d2613,11,"(10, 20]"
814ff3018127e8fc,11,"(10, 20]"
a68575214ecad140,11,"(10, 20]"
89a407032911e27e,11,"(10, 20]"
dccb63727f2f5f74,11,"(10, 20]"
896c322f56b8be5a,11,"(10, 20]"
3143bf892608139a,11,"(10, 20]"
c32fb8c0f6471a4d,11,"(10, 20]"
e14b5aa06eea9653,10,"(9, 10]"
c03a5022f8439f2a,10,"(9, 10]"
2b074403b7c6cdb4,10,"(9, 10]"
7d21de9c6d7c98b2,10,"(9, 10]"
10f3ba6cd2f44a97,10,"(9, 10]"
2c483cf443f38ece,10,"(9, 10]"
af5b208e97f5d382,10,"(9, 10]"
2c9d00968f818270,10,"(9, 10]"
5444c5a201d3ee5a,10,"(9, 10]"
7ea4a9f07df33a45,10,"(9, 10]"
c0badf3243907e59,10,"(9, 10]"
c17041f1bb5768d8,10,"(9, 10]"
5ef0088c1b19beeb,10,"(9, 10]"
da22387a0407a2dc,10,"(9, 10]"
583ee11abddfc581,10,"(9, 10]"
bdcbb976816fd256,10,"(9, 10]"
be0b310a12eb80b4,10,"(9, 10]"
a9e260472d321361,10,"(9, 10]"
1d239d571e342453,10,"(9, 10]"
22aa91e402d0fe1f,10,"(9, 10]"
322a56923b396b4d,10,"(9, 10]"
f5431394fb284bb9,10,"(9, 10]"
31f8081c7600da93,10,"(9, 10]"
1291edf2d566a71a,10,"(9, 10]"
c2e3e67b5911bfb7,10,"(9, 10]"
d023ae89a2a4a41e,10,"(9, 10]"
1652f3213655b935,10,"(9, 10]"
e94085e821bd81de,10,"(9, 10]"
2924886ee9c4c527,10,"(9, 10]"
6f81b6de2557739a,10,"(9, 10]"
b6850671a008bf9a,10,"(9, 10]"
2558ae2e5671e318,10,"(9, 10]"
b4eeac608fc82f88,10,"(9, 10]"
271fe91f4ba9d2c5,10,"(9, 10]"
1fcfc3709fe58151,10,"(9, 10]"
eb1723480fa2f96c,10,"(9, 10]"
04c8b08b16a5b99e,10,"(9, 10]"
ad3f53c454cbbead,10,"(9, 10]"
9d83f6da776ff7d6,10,"(9, 10]"
4234f0097c83fa62,10,"(9, 10]"
9ba2226646046b63,10,"(9, 10]"
4682bc59d5f55145,10,"(9, 10]"
a7f4d0902bb64092,10,"(9, 10]"
442c9011034ae1fd,10,"(9, 10]"
333b9e5c723ac873,10,"(9, 10]"
cedfdf8d423d500c,10,"(9, 10]"
46e0d677f91bacc0,10,"(9, 10]"
c727c7d31c50c4cf,10,"(9, 10]"
d468288756ae3982,10,"(9, 10]"
396fe87b84ac2e1c,10,"(9, 10]"
473ce3aa581251a2,10,"(9, 10]"
a2b12c3f3d60ff69,10,"(9, 10]"
476fe566d2df676e,10,"(9, 10]"
881bf86d4cba8578,10,"(9, 10]"
429e7d3725852ce9,10,"(9, 10]"
5442f1bc4b47eaf3,10,"(9, 10]"
d05412b513b19621,10,"(9, 10]"
9abc648e76c4493a,10,"(9, 10]"
cbd3e590a85b18c5,10,"(9, 10]"
51a0c09cbe9b8472,10,"(9, 10]"
0d7b51c9d2649a6e,10,"(9, 10]"
99bd87a300079ed9,10,"(9, 10]"
38c626ca912c7bac,10,"(9, 10]"
d3f5d33d61cd00c9,10,"(9, 10]"
a20f234df70f2182,10,"(9, 10]"
ca2efc9d7d523c43,10,"(9, 10]"
05560764359161e4,10,"(9, 10]"
a149d6bc670cdb60,10,"(9, 10]"
52cae54377b433b7,10,"(9, 10]"
d25240135aee03e5,10,"(9, 10]"
fccf811c1e8b01c7,10,"(9, 10]"
37d5b176d438d2a5,10,"(9, 10]"
9450848a71d53776,10,"(9, 10]"
4c7781da8c6cae93,10,"(9, 10]"
94426bb170c88115,10,"(9, 10]"
c2299ec916bc7c56,9,"(8, 9]"
3591d0d5d382a381,9,"(8, 9]"
5ec591b78349ba7e,9,"(8, 9]"
830f60497fab345a,9,"(8, 9]"
45f7cb591c3ab00b,9,"(8, 9]"
8a8a84b743ae7699,9,"(8, 9]"
36549928f90f1d36,9,"(8, 9]"
d0314416a7f26527,9,"(8, 9]"
539ed332b3078821,9,"(8, 9]"
14ff46596ad80609,9,"(8, 9]"
886264a0c9f4ea5e,9,"(8, 9]"
22e47b53e4ceb27c,9,"(8, 9]"
46baf0f57edfa4df,9,"(8, 9]"
e93b04e308913c2e,9,"(8, 9]"
866fd7b1a6c90e7f,9,"(8, 9]"
700a674c042b7a96,9,"(8, 9]"
528b071cf3da7c56,9,"(8, 9]"
37c5366d18ed6c05,9,"(8, 9]"
5f6f049d54728e88,9,"(8, 9]"
d06f8869449ba7bd,9,"(8, 9]"
a54fc2d6fc224dc3,9,"(8, 9]"
44260175069b6276,9,"(8, 9]"
64facb6cc564262d,9,"(8, 9]"
88cd34d836b4ebcd,9,"(8, 9]"
71505842fb6455c3,9,"(8, 9]"
399afbabc02376b5,9,"(8, 9]"
54f64b5e283b0ce7,9,"(8, 9]"
dbaaf42313af90fa,9,"(8, 9]"
af62f99eb7606308,9,"(8, 9]"
17e97649403ba428,9,"(8, 9]"
60425d07ef4b91a7,9,"(8, 9]"
ac7c765882f2c68c,9,"(8, 9]"
1897b7b913736a7c,9,"(8, 9]"
eff47295daf721a6,9,"(8, 9]"
9b74de674c355425,9,"(8, 9]"
1fd4fbdcc67de844,9,"(8, 9]"
24656ef4d605c96f,9,"(8, 9]"
aac5ac38148f0528,9,"(8, 9]"
8f5c8850b2484173,9,"(8, 9]"
58bbef3770bb2dfc,9,"(8, 9]"
470fedbc8563ac47,9,"(8, 9]"
24b033b3daf1c9df,9,"(8, 9]"
fb1538b46877a695,9,"(8, 9]"
9014c02eff8b3d62,9,"(8, 9]"
4e30e4250cb08b61,9,"(8, 9]"
19c591115a58982c,9,"(8, 9]"
cd7763bcadb5d4c8,9,"(8, 9]"
4dcfb28c011c11b2,9,"(8, 9]"
f2c8ebbeafd45f2b,9,"(8, 9]"
441eacbe20e0e80b,9,"(8, 9]"
4d5197f331c47290,9,"(8, 9]"
aceffa19749c4dc0,9,"(8, 9]"
9583662df31d943f,9,"(8, 9]"
74f9448b97bf8bec,9,"(8, 9]"
3cf18e01cb6cbde3,9,"(8, 9]"
c742287ed86a09bc,9,"(8, 9]"
917e53fa0adea0d3,9,"(8, 9]"
af65aa688d13eedf,9,"(8, 9]"
84ac950d4c1722dd,9,"(8, 9]"
b8a85389d115e35a,9,"(8, 9]"
e132d47bd9efbbe0,9,"(8, 9]"
4c88a1db5a46c6a4,9,"(8, 9]"
fc08099550072fe4,9,"(8, 9]"
e13abac8089a801a,9,"(8, 9]"
4798e823ada58fe9,9,"(8, 9]"
85073dbd1be65ed9,9,"(8, 9]"
53ec9cb470e1a4ea,9,"(8, 9]"
2aa49b3766a59bcd,9,"(8, 9]"
d343df8ba11f4c4e,9,"(8, 9]"
b8bbdeff718dbb7d,9,"(8, 9]"
5d1b7e3dd9e11074,9,"(8, 9]"
a7151778b3381036,9,"(8, 9]"
fc6e681bf6658faf,9,"(8, 9]"
7c3c48cf54a2848e,9,"(8, 9]"
1c86754617d9813a,9,"(8, 9]"
7b433309b0fd12aa,9,"(8, 9]"
4a1329cc8eb0928a,9,"(8, 9]"
6e0273f9478be71e,9,"(8, 9]"
59583ff832fe9d68,9,"(8, 9]"
d2c55d1d2e67773b,9,"(8, 9]"
76e2870ffafbe38f,9,"(8, 9]"
f59f1d3a2ff13edd,9,"(8, 9]"
bb1a2cdad6ff34db,9,"(8, 9]"
87c0b1c696ddfb43,9,"(8, 9]"
9fa568ad2bf2cb0b,9,"(8, 9]"
cc351e408bbb7d43,9,"(8, 9]"
41e83a89929d1327,9,"(8, 9]"
28f3c2258a1d8874,9,"(8, 9]"
260e9e0d4954aea6,9,"(8, 9]"
1e4f273069fb9e85,9,"(8, 9]"
e4a47b07044ddd72,9,"(8, 9]"
1dc56b59cb28425d,9,"(8, 9]"
97cf1a2c7c5e7889,9,"(8, 9]"
d188a3b817860ec6,9,"(8, 9]"
767755fd74662dbf,9,"(8, 9]"
0232cabbc30a2372,9,"(8, 9]"
a78a87d8c2bbb1cb,9,"(8, 9]"
c68c68efaa5ca6ef,9,"(8, 9]"
5755960ebd0b16f6,9,"(8, 9]"
6c8072b61c276e67,9,"(8, 9]"
40a604761ca7d64d,9,"(8, 9]"
b959e8c7fd8390d2,9,"(8, 9]"
20999e27ddd94bda,9,"(8, 9]"
d0e1b42d41dab603,8,"(7, 8]"
f50d95223751e6ca,8,"(7, 8]"
edd02825c29028fe,8,"(7, 8]"
d31cbcdd7d69536d,8,"(7, 8]"
15b1b21cd743d652,8,"(7, 8]"
045f25b3a4c08e81,8,"(7, 8]"
1788eee370f077b7,8,"(7, 8]"
d747eb273a40a920,8,"(7, 8]"
e00a3dee329a51f7,8,"(7, 8]"
1588b787bda7b540,8,"(7, 8]"
ed9d8ee3a4239b1c,8,"(7, 8]"
ed209f6618c82e41,8,"(7, 8]"
294aa73dbf37d281,8,"(7, 8]"
e7bba7ce4d6c7b07,8,"(7, 8]"
ffe9703408fb5964,8,"(7, 8]"
654ae722109a0d31,8,"(7, 8]"
daf1b84aebd6602b,8,"(7, 8]"
aec185309b4843d0,8,"(7, 8]"
f626118b6da0e020,8,"(7, 8]"
260bd4cef10b033f,8,"(7, 8]"
32ba186f4b0e3267,8,"(7, 8]"
fbbde91f7bc2d3c5,8,"(7, 8]"
547afe1017e72dbe,8,"(7, 8]"
2816ced060a21be3,8,"(7, 8]"
43563a32c3f10e95,8,"(7, 8]"
d0aaedcf7ccd0b45,8,"(7, 8]"
ff6a1f63c254127e,8,"(7, 8]"
d05cb1e8d1b885d8,8,"(7, 8]"
4461d7e47375a895,8,"(7, 8]"
016a8d958883167c,8,"(7, 8]"
07a18ae55dfc3cd9,8,"(7, 8]"
2844b047183a1adb,8,"(7, 8]"
d7338bcb141abd2c,8,"(7, 8]"
d7e40dca3ae125be,8,"(7, 8]"
077e3ace32b72be9,8,"(7, 8]"
34ff304266360297,8,"(7, 8]"
34e552520a934063,8,"(7, 8]"
068f8a189a47fea6,8,"(7, 8]"
f8fe2053d73d7bcf,8,"(7, 8]"
a36556bb1565e32d,8,"(7, 8]"
ef7fa30364cbe7f2,8,"(7, 8]"
b08012bbe542592a,8,"(7, 8]"
98a6b2361045898f,8,"(7, 8]"
528c24b99fbaab79,8,"(7, 8]"
ac026518a9b4dc0f,8,"(7, 8]"
ac40f7e3cbecdda4,8,"(7, 8]"
8be158ca1e5ea6a0,8,"(7, 8]"
80dbeb1dd5b53e64,8,"(7, 8]"
5fa2974cbd18e05c,8,"(7, 8]"
a4e85a58fbce64b2,8,"(7, 8]"
601964f9654f911a,8,"(7, 8]"
98aa60cf58071fd6,8,"(7, 8]"
81801f57bd0a7c41,8,"(7, 8]"
6751eacd16bd59bc,8,"(7, 8]"
47cd337b86b1af92,8,"(7, 8]"
6e00cfffd54653c4,8,"(7, 8]"
6f7c616b98e18c29,8,"(7, 8]"
b71ce838b01f2cad,8,"(7, 8]"
b8592b4a383696cd,8,"(7, 8]"
b93c06d09d1c4ac0,8,"(7, 8]"
669970f7feba8ecd,8,"(7, 8]"
8bdac25ce0bb874d,8,"(7, 8]"
b69f24c500d783e7,8,"(7, 8]"
8bb6f4479685bbcc,8,"(7, 8]"
764342d39cdaa54a,8,"(7, 8]"
abd5fb12437eda21,8,"(7, 8]"
8f2939f5fd9cca1e,8,"(7, 8]"
791c8437b341fba5,8,"(7, 8]"
69b69c0178c4004d,8,"(7, 8]"
96428b9e9bd048ea,8,"(7, 8]"
6b453bc35a823c3f,8,"(7, 8]"
6bf5a7d3e081ade2,8,"(7, 8]"
84ff027394f7e470,8,"(7, 8]"
91ea901c458e95dd,8,"(7, 8]"
8b1ed83b02303075,8,"(7, 8]"
8eb046f83e82bf26,8,"(7, 8]"
6291ac0a3726732f,8,"(7, 8]"
5be86bb2f78fef2f,8,"(7, 8]"
aae99701b21554e4,8,"(7, 8]"
ab850a77a0fa487d,8,"(7, 8]"
681399317dbf4701,8,"(7, 8]"
634bb0de2eb043b4,7,"(6, 7]"
7dcf06c1967801c1,7,"(6, 7]"
f046d724d2a84ac5,7,"(6, 7]"
cffb87059e645bd1,7,"(6, 7]"
3ecd936bd8814108,7,"(6, 7]"
4126a78111c0855a,7,"(6, 7]"
01afe0916a40c7c5,7,"(6, 7]"
92b62174c175ce19,7,"(6, 7]"
a0e6753c42698f13,7,"(6, 7]"
50cc91ce2982785d,7,"(6, 7]"
d0e50a3d1b250708,7,"(6, 7]"
394f55ebca199124,7,"(6, 7]"
05b43e0ead3df345,7,"(6, 7]"
4cd8b03aee1d0138,7,"(6, 7]"
633a45d131192ffe,7,"(6, 7]"
d4270315cbcf2569,7,"(6, 7]"
a20d7dfaba74c067,7,"(6, 7]"
b5da8f7d05e85a55,7,"(6, 7]"
2e585c701f72fe55,7,"(6, 7]"
817e0bdf08efce2e,7,"(6, 7]"
e56daf7725a0b5ab,7,"(6, 7]"
feaf00f3373435d6,7,"(6, 7]"
82cbb809d5ee565c,7,"(6, 7]"
82b4e942781b1046,7,"(6, 7]"
b9664eae2ac75262,7,"(6, 7]"
abcf2cc6efc42031,7,"(6, 7]"
dee294e9717012c2,7,"(6, 7]"
18b602842a24f7c5,7,"(6, 7]"
f166e93d04a8c274,7,"(6, 7]"
20bccc9bb4ceb23e,7,"(6, 7]"
6c7e25571490aa3b,7,"(6, 7]"
18524b46c570730b,7,"(6, 7]"
60a42bf82447c919,7,"(6, 7]"
f00ac08ab056af5d,7,"(6, 7]"
952f6fa06f25a0ec,7,"(6, 7]"
4bcb6eb12b4ad4aa,7,"(6, 7]"
054defd5420a551f,7,"(6, 7]"
cbfd1d34356a004c,7,"(6, 7]"
ce783bf73b5131f9,7,"(6, 7]"
4b93a88f3b1de35b,7,"(6, 7]"
3dd92ff9fb0412b3,7,"(6, 7]"
513c6f1715e547a8,7,"(6, 7]"
04835018f90b118c,7,"(6, 7]"
3d074044a33825e7,7,"(6, 7]"
37ed1ab2f8b819f4,7,"(6, 7]"
d31a5546c0e9b213,7,"(6, 7]"
d6c0cdd7e467c440,7,"(6, 7]"
93892752c5fc23ca,7,"(6, 7]"
c878270af633eb11,7,"(6, 7]"
009341ed974bad72,7,"(6, 7]"
fb3e61720be4690c,7,"(6, 7]"
0052de90691d4a93,7,"(6, 7]"
60029bcf496bd707,7,"(6, 7]"
d2d37e8eeb3abc8d,7,"(6, 7]"
9b198c73e3d0d289,7,"(6, 7]"
ce632027bf2a871b,7,"(6, 7]"
cc900af167fbedfd,7,"(6, 7]"
04d5718ed2661e8c,7,"(6, 7]"
d4691518d012b9e7,7,"(6, 7]"
0359313549d230a1,7,"(6, 7]"
fe435e440b5de0ff,7,"(6, 7]"
cb52f9490c2dc069,7,"(6, 7]"
9f842be1a5337be6,7,"(6, 7]"
928ae2e5b5f7a9ec,7,"(6, 7]"
93ce4ac89e3d7652,7,"(6, 7]"
3b0a516d2921e0d6,7,"(6, 7]"
960d6cae8879ba2b,7,"(6, 7]"
49a74b9fb2e45fdf,7,"(6, 7]"
02f2a9702ba3d167,7,"(6, 7]"
907e60fd13407e1e,7,"(6, 7]"
497ba5b12a4bfc47,7,"(6, 7]"
82d4c957649faf9b,7,"(6, 7]"
33e33d51f289d2a1,7,"(6, 7]"
7d420039bbfe7c1a,7,"(6, 7]"
c76ec2bc3a57666a,7,"(6, 7]"
f57dd0bfa8c17813,7,"(6, 7]"
ba1e6cb3d43f7430,7,"(6, 7]"
33a331684283900f,7,"(6, 7]"
0c5c66ddd1886b83,7,"(6, 7]"
0c25d0a5e8cdbf19,7,"(6, 7]"
e86bc32f5997a8f7,7,"(6, 7]"
23459ee7e373b98f,7,"(6, 7]"
6e9f40c706f91f32,7,"(6, 7]"
a3a542074109b347,7,"(6, 7]"
369ea36e450ae62a,7,"(6, 7]"
c8097968da5e5f13,7,"(6, 7]"
d814f5192e58fb2f,7,"(6, 7]"
35faad160d346839,7,"(6, 7]"
70d2329a92864fdb,7,"(6, 7]"
8e382b585a92affe,7,"(6, 7]"
5b2d7906aa894274,7,"(6, 7]"
2244d9a2b64b8c3b,7,"(6, 7]"
c3ea8deeba00462b,7,"(6, 7]"
57ab4d7c0bc09a30,7,"(6, 7]"
5bf31a46becc1204,7,"(6, 7]"
64360e618823a8e4,7,"(6, 7]"
840d2c82ea68b9aa,7,"(6, 7]"
8abac218746e04ca,7,"(6, 7]"
8a70ceb3edbe757b,7,"(6, 7]"
aa5b4eff51bdc7d1,7,"(6, 7]"
32be4b7f7de1c905,7,"(6, 7]"
c5af5750e8bae4f0,7,"(6, 7]"
f7467152fd9f18a2,7,"(6, 7]"
135d124172a0bea3,7,"(6, 7]"
32ab52e5de93092d,7,"(6, 7]"
a93f94c923c3a9cb,7,"(6, 7]"
5c126c6aac3ef364,7,"(6, 7]"
da816417a579a0bd,7,"(6, 7]"
22edaf53ad59a967,7,"(6, 7]"
262d32ebda89efc4,7,"(6, 7]"
0a97691039c4bbfb,7,"(6, 7]"
20bcc9966affb19c,7,"(6, 7]"
2ac4628c08ec5125,7,"(6, 7]"
e25bcbcdaf6537a1,7,"(6, 7]"
6809c31286b08d97,7,"(6, 7]"
798e48f9e7f6ba22,7,"(6, 7]"
ec52462a1b41f714,7,"(6, 7]"
6859f67468ba8489,7,"(6, 7]"
68d4a891e5cf2029,7,"(6, 7]"
7826923b47f8d72a,7,"(6, 7]"
1e719d4b676dc19a,7,"(6, 7]"
bc7230f231701d66,7,"(6, 7]"
76984112f697631f,7,"(6, 7]"
bc3ec52ef70fc155,7,"(6, 7]"
75a6a390fd5dca46,7,"(6, 7]"
a53d30163304aa6e,7,"(6, 7]"
bfc2fc38a0e20211,7,"(6, 7]"
2b68d9f125d07b42,7,"(6, 7]"
75353550928a7921,7,"(6, 7]"
7be63795363029e8,7,"(6, 7]"
5da33b8fbfa5ee95,7,"(6, 7]"
71171fc96445bf65,7,"(6, 7]"
c730a0be691dc081,7,"(6, 7]"
a566371ba2ad7152,7,"(6, 7]"
33efaf2d0941cfcf,7,"(6, 7]"
55fa6ce3e522c8bb,7,"(6, 7]"
263ebd4a669e1e98,7,"(6, 7]"
5e6294b37bbef029,7,"(6, 7]"
159da492e000afbf,7,"(6, 7]"
203c957eac95dd87,7,"(6, 7]"
b0550072e5f0afa7,7,"(6, 7]"
7c6e87729e824ef4,7,"(6, 7]"
7413b80dbb0f8f9f,7,"(6, 7]"
2b6fc1c02736833d,7,"(6, 7]"
4f140403000158b5,6,"(5, 6]"
3351aa64aa83c4d9,6,"(5, 6]"
da7f113b5ea39c43,6,"(5, 6]"
4e6738062d469256,6,"(5, 6]"
8d11d9c13e2ccdf7,6,"(5, 6]"
353de740bb6c7e75,6,"(5, 6]"
c5a126ace82a6025,6,"(5, 6]"
f8dc544e7077d014,6,"(5, 6]"
39d91e95949de3d9,6,"(5, 6]"
ca43de99b07b6b40,6,"(5, 6]"
da0995f19b749cfa,6,"(5, 6]"
8b5f9ea38184ded3,6,"(5, 6]"
3a24769a4855040a,6,"(5, 6]"
544d7460b3e44393,6,"(5, 6]"
55f80a8aeffcdb33,6,"(5, 6]"
c549573c0df4d676,6,"(5, 6]"
dbac0a413af64bbe,6,"(5, 6]"
06e4245d16fc5315,6,"(5, 6]"
8866c6f509c19089,6,"(5, 6]"
893d51aaf024eddd,6,"(5, 6]"
06734ca9d88dec3a,6,"(5, 6]"
8f765fd5775a8873,6,"(5, 6]"
f6bcbd91b114ff58,6,"(5, 6]"
0e21976afc92e4d1,6,"(5, 6]"
0d506315895efffc,6,"(5, 6]"
8d3273573b85be09,6,"(5, 6]"
325ad0dd9126d3df,6,"(5, 6]"
4e0692ad070976e4,6,"(5, 6]"
323d4ca260dfa0ba,6,"(5, 6]"
0a73acff6325c1e2,6,"(5, 6]"
34e516ab361afb1c,6,"(5, 6]"
09e62c450e754913,6,"(5, 6]"
d66a46de8d705353,6,"(5, 6]"
dab8cfbb6b1db10a,6,"(5, 6]"
8c1ca54b5089d199,6,"(5, 6]"
122ac9b816d8b71c,6,"(5, 6]"
0541480fbf719d86,6,"(5, 6]"
8c57c7b8c3bab0eb,6,"(5, 6]"
5eedbf1e9601be35,6,"(5, 6]"
849c5d9979df5357,6,"(5, 6]"
c32aeb1a59e6272d,6,"(5, 6]"
f1f9e48a0d150757,6,"(5, 6]"
d4a31850a7457f1b,6,"(5, 6]"
5f3805dda9661cba,6,"(5, 6]"
87aa9fb63d6b51a1,6,"(5, 6]"
86d9dbe1bfcbade7,6,"(5, 6]"
08ae5cd9aef7ddd3,6,"(5, 6]"
f9d0cae37dabfafc,6,"(5, 6]"
3c8a5200436e19f3,6,"(5, 6]"
303a05a7aa3ff761,6,"(5, 6]"
53c943c873cffe90,6,"(5, 6]"
a3be148af5c7b088,6,"(5, 6]"
6a96ad1bc34fb113,6,"(5, 6]"
36b8f265bcd1b7a4,6,"(5, 6]"
a08ddd04eaffd81d,6,"(5, 6]"
5eb50529a8418b77,6,"(5, 6]"
51e86de150ee8be6,6,"(5, 6]"
06827d70c53ff0d9,6,"(5, 6]"
a12a8314adc1c1c9,6,"(5, 6]"
f95381efb3051d81,6,"(5, 6]"
8e5bfd4e82352340,6,"(5, 6]"
a13d755965a4ec9f,6,"(5, 6]"
0749d968e932df53,6,"(5, 6]"
a0c64f272b65d441,6,"(5, 6]"
dc0f07928009a127,6,"(5, 6]"
147e70aa6cc48cfc,6,"(5, 6]"
37f560436d745c18,6,"(5, 6]"
dc7927cd622676a7,6,"(5, 6]"
a0e75f4a13eb73f1,6,"(5, 6]"
3623bd267a2eef2e,6,"(5, 6]"
dd6103dd7127db1d,6,"(5, 6]"
2fc7e9701642ca38,6,"(5, 6]"
597db668b01c442c,6,"(5, 6]"
6a92caba39b64752,6,"(5, 6]"
f0abbb6f3444dae7,6,"(5, 6]"
9fe7af8b3fbe00a0,6,"(5, 6]"
3f52ce18fb98008f,6,"(5, 6]"
7e47047d0971d566,6,"(5, 6]"
c06a9b48d4132c8e,6,"(5, 6]"
638cfec7ec559d6e,6,"(5, 6]"
7f0b4a75ef3039a3,6,"(5, 6]"
ec71a892fada28c7,6,"(5, 6]"
1c3f5e85b59ec710,6,"(5, 6]"
6ad9058b7c7898b0,6,"(5, 6]"
42a7e90605df3c8a,6,"(5, 6]"
b4bc2e3353a770b5,6,"(5, 6]"
207773daeb4afa7b,6,"(5, 6]"
99c7610aa74995d3,6,"(5, 6]"
01641ba5df0c69b0,6,"(5, 6]"
0112352cb32f5026,6,"(5, 6]"
4ac1ecf8ce59ef23,6,"(5, 6]"
7ee0fd831c0fe7c3,6,"(5, 6]"
ea7e5bc78d9de658,6,"(5, 6]"
b0bd0c5425668b8f,6,"(5, 6]"
e375cb5caf4717b6,6,"(5, 6]"
fcce75a25c14a804,6,"(5, 6]"
af997f7611673880,6,"(5, 6]"
e0b74df14f52cd15,6,"(5, 6]"
fd406a32a6fb3a29,6,"(5, 6]"
173acb3f920082b8,6,"(5, 6]"
172c2135e70f87b7,6,"(5, 6]"
9fd1f08dd4aec14a,6,"(5, 6]"
1971869b7e054261,6,"(5, 6]"
a08d909a5be6f410,6,"(5, 6]"
7ea1f74cef32f906,6,"(5, 6]"
c1085e1701b13eca,6,"(5, 6]"
622f015c81a9b13a,6,"(5, 6]"
c15fa95b9a12fde4,6,"(5, 6]"
80d918336163b80c,6,"(5, 6]"
275cafc9de131c83,6,"(5, 6]"
d23ccf4a6c221284,6,"(5, 6]"
215a70f073a7b726,6,"(5, 6]"
40f3cb27fc7305a1,6,"(5, 6]"
e17ac6410c8377f4,6,"(5, 6]"
b13da0b1a3aed3e7,6,"(5, 6]"
679a9054e2815943,6,"(5, 6]"
04643fd03d9159cc,6,"(5, 6]"
fe2babf95de24fb1,6,"(5, 6]"
68d35296f566792b,6,"(5, 6]"
68dd7b3783c19f9c,6,"(5, 6]"
48a9a128784d53d1,6,"(5, 6]"
bbfca6d5c27d9cd8,6,"(5, 6]"
4148802ae4a50768,6,"(5, 6]"
b3d21b2610dcfaeb,6,"(5, 6]"
1f4b04a926ef1287,6,"(5, 6]"
75e0d3cc2262b732,6,"(5, 6]"
2747c60e42d9d75f,6,"(5, 6]"
eb8d8c2a95cfccb8,6,"(5, 6]"
7abe471b61725980,6,"(5, 6]"
68c6cd5287b473a7,6,"(5, 6]"
fdbefee0827e1567,6,"(5, 6]"
cf946e03ba2e7666,6,"(5, 6]"
6d35bf94f7d30241,6,"(5, 6]"
6aae253467e8f9ce,6,"(5, 6]"
9ada30894bf04e19,6,"(5, 6]"
46a2f24feb258ae0,6,"(5, 6]"
b6c4451cb13c9303,6,"(5, 6]"
e5bda12faabfc850,6,"(5, 6]"
cfc3e7bb44685289,6,"(5, 6]"
e9ac7bfb65c25497,6,"(5, 6]"
b76ed59283d3559c,6,"(5, 6]"
701e057d63c124d9,6,"(5, 6]"
9d62c2d8ee151f08,6,"(5, 6]"
b45d6b73f4ca4467,6,"(5, 6]"
7b6e40a73b567072,6,"(5, 6]"
d024ed963e8bf7ea,6,"(5, 6]"
d1e1fdcea7c8a90a,5,"(4, 5]"
3c660c90d48fc80d,5,"(4, 5]"
c0ac37a4a1133da9,5,"(4, 5]"
cbd6f1abf955e628,5,"(4, 5]"
bc8f6b42767e28df,5,"(4, 5]"
c0d5c0c95c59050b,5,"(4, 5]"
c482c8605455a213,5,"(4, 5]"
31d7446b184e3305,5,"(4, 5]"
49d2a08964c5eb11,5,"(4, 5]"
5b03b61f9d90125e,5,"(4, 5]"
49edd0d90f60fb7d,5,"(4, 5]"
40cb680ae1cd331f,5,"(4, 5]"
bc7d1ad49fcb2d08,5,"(4, 5]"
c051c2e12d692b8a,5,"(4, 5]"
e1d40e8782d80bc2,5,"(4, 5]"
bbab3baf66128ae2,5,"(4, 5]"
3bb2dc8e87b10a46,5,"(4, 5]"
89b8d1bf1ff09d1d,5,"(4, 5]"
c07efc18b231f170,5,"(4, 5]"
2dc1bc1a02961656,5,"(4, 5]"
55f446032177b119,5,"(4, 5]"
7a5e8c94a86f9895,5,"(4, 5]"
1cf7ccf64a5bf24e,5,"(4, 5]"
b12fc8a41e82d3a2,5,"(4, 5]"
0d5cc0170c1a7e71,5,"(4, 5]"
7b143a54451263d9,5,"(4, 5]"
0d62719b1dcf7c40,5,"(4, 5]"
1c2f2571b18791b6,5,"(4, 5]"
a6d8bfe9e0c8153b,5,"(4, 5]"
1dafccb62a0f98ec,5,"(4, 5]"
e90a2f22417af68e,5,"(4, 5]"
52ef95b5860fb28c,5,"(4, 5]"
2e7878927067fdca,5,"(4, 5]"
4f95f74620a6b7a4,5,"(4, 5]"
d9a56ecb6e94f02e,5,"(4, 5]"
5580771f383e141f,5,"(4, 5]"
b7ffa72aa148599a,5,"(4, 5]"
e0c6edcb5b5d0b90,5,"(4, 5]"
cd3d7e37ff2d679c,5,"(4, 5]"
6e743a33d56bdaa4,5,"(4, 5]"
6ef65b6a152e49d5,5,"(4, 5]"
ce1e867808ef5fce,5,"(4, 5]"
305d73ede05e31ad,5,"(4, 5]"
6e7c758f5cdec01a,5,"(4, 5]"
46c8ec317aff28ac,5,"(4, 5]"
44470bfd9483c7ad,5,"(4, 5]"
483a953b18d73bb3,5,"(4, 5]"
66ab58d0b3783607,5,"(4, 5]"
5c1ca0c72b599a3c,5,"(4, 5]"
5d495dec23d7c68e,5,"(4, 5]"
26b63bc5c0c1f65d,5,"(4, 5]"
d0d7160824278840,5,"(4, 5]"
5c637af9472ae7cc,5,"(4, 5]"
977081bc01197656,5,"(4, 5]"
26e3f3928b1891d9,5,"(4, 5]"
e5d03e4d966126bd,5,"(4, 5]"
304a21d0595e1a08,5,"(4, 5]"
31bb0772f21cabd8,5,"(4, 5]"
3dc3022232b79c7a,5,"(4, 5]"
c7c39e2fb70248b3,5,"(4, 5]"
be9bdec19b7e9ffe,5,"(4, 5]"
35673bf5204524ee,5,"(4, 5]"
d8c811df0386d5e8,5,"(4, 5]"
52ba464d9068d871,5,"(4, 5]"
bd21a1e3d41c97ee,5,"(4, 5]"
c8136ab8aa32c974,5,"(4, 5]"
64788ee44b062ded,5,"(4, 5]"
bda04c573563cc2e,5,"(4, 5]"
bd5403efbaa445c0,5,"(4, 5]"
68c11c27d4d56572,5,"(4, 5]"
3920d0cc288f9b0d,5,"(4, 5]"
50d2f0018bcf9eef,5,"(4, 5]"
5078e1dacf9d25f4,5,"(4, 5]"
5b407acfe0ef9b76,5,"(4, 5]"
7a15f3694c5cbc02,5,"(4, 5]"
2f6a993c7f547c13,5,"(4, 5]"
9f1641c08cf8fbe2,5,"(4, 5]"
749685d24e2cac50,5,"(4, 5]"
231926533134ec1f,5,"(4, 5]"
a52bc1e62cf0b7c6,5,"(4, 5]"
7450525c7ba032a0,5,"(4, 5]"
00debc804e2b1cd4,5,"(4, 5]"
a2ea77e974c5889f,5,"(4, 5]"
8f382b3baa954d2a,5,"(4, 5]"
ffc3e6daaa6da0b7,5,"(4, 5]"
710f0f8c5d5c9d41,5,"(4, 5]"
7cdd3e5d3aa9cb39,5,"(4, 5]"
f1b2a4365799c48b,5,"(4, 5]"
05866d8c3a321856,5,"(4, 5]"
a9da3158dd2c2b5a,5,"(4, 5]"
b0a6124751a56bc4,5,"(4, 5]"
7c35f869033901ae,5,"(4, 5]"
ee18ff42063174df,5,"(4, 5]"
1a7745388839e52b,5,"(4, 5]"
b76c6268dc1d3c05,5,"(4, 5]"
9a2d3567abc02e34,5,"(4, 5]"
7138a15258dabf20,5,"(4, 5]"
210935fd21670f6d,5,"(4, 5]"
1dab0d1d81dd06db,5,"(4, 5]"
fbf0537e420e698e,5,"(4, 5]"
9dedfdd91070ddd8,5,"(4, 5]"
b4537562f88ac582,5,"(4, 5]"
9be6020024133293,5,"(4, 5]"
8f3df4c579cfbb69,5,"(4, 5]"
feedf3053472fe56,5,"(4, 5]"
0bc697c5936a2d0a,5,"(4, 5]"
ff62013d2fce6d13,5,"(4, 5]"
202b0467521c9d6f,5,"(4, 5]"
8d9586726252dbf7,5,"(4, 5]"
a4a80dd7336ffd59,5,"(4, 5]"
1effd880e1f1bb30,5,"(4, 5]"
219a254e15d60135,5,"(4, 5]"
71df36d6d8cf0d74,5,"(4, 5]"
a6eb54ae17a551be,5,"(4, 5]"
8bd4200561c77a62,5,"(4, 5]"
af9efbfd63d39734,5,"(4, 5]"
ab8900ae1f1dfd4c,5,"(4, 5]"
02f8fedc18cbd26c,5,"(4, 5]"
23dec7c47cb418f8,5,"(4, 5]"
88a9bc81271ccd89,5,"(4, 5]"
7bd94b60d7521e4a,5,"(4, 5]"
7691a80e6ca3e55b,5,"(4, 5]"
01fcef7e3d051722,5,"(4, 5]"
7772b283d288dbe2,5,"(4, 5]"
ec23c1be628d8057,5,"(4, 5]"
fe91d254db77a7fc,5,"(4, 5]"
9deff9e3e8d94d47,5,"(4, 5]"
f748267c4ab6c127,5,"(4, 5]"
784285b7ae7dd85f,5,"(4, 5]"
b1d19449397541dc,5,"(4, 5]"
78e501478a36a018,5,"(4, 5]"
ef5dcb10d2bd4b0f,5,"(4, 5]"
f215cfbd4ba3c270,5,"(4, 5]"
78f485f851891d68,5,"(4, 5]"
a01a62132460a98d,5,"(4, 5]"
84a067c46306a737,5,"(4, 5]"
a8aba6fd8a463043,5,"(4, 5]"
946f341df6472ee0,5,"(4, 5]"
950d0ef5c17157c5,5,"(4, 5]"
aed06011bf62237b,5,"(4, 5]"
19a8cce18a1cef9e,5,"(4, 5]"
850266b3dc4e506e,5,"(4, 5]"
ebef46976554f975,5,"(4, 5]"
f1928a52590c5532,5,"(4, 5]"
7e69a4b0961aa555,5,"(4, 5]"
efc67b07eed39794,5,"(4, 5]"
f2b3f4ef3f780168,5,"(4, 5]"
fcaae0385b514f11,5,"(4, 5]"
04b39f4e8eb59d7c,5,"(4, 5]"
07a2bdaa0afdd831,5,"(4, 5]"
1497e735d9f2560a,5,"(4, 5]"
65adf3856c4d9256,4,"(3, 4]"
e4ba58725825412d,4,"(3, 4]"
27b388f0aab49780,4,"(3, 4]"
2997e7fe3c9d3d4a,4,"(3, 4]"
132f860d02953f4c,4,"(3, 4]"
bf43fed8f29e1671,4,"(3, 4]"
2c2caf2f2bab9df5,4,"(3, 4]"
2c1170b825f58e57,4,"(3, 4]"
e51ee8ded927fc51,4,"(3, 4]"
6546af7ab545b90c,4,"(3, 4]"
64d47ef881a437a4,4,"(3, 4]"
b07aed698fba8624,4,"(3, 4]"
39330403ad27c2bb,4,"(3, 4]"
ea3dcc417c322064,4,"(3, 4]"
eebc23626e38f5dc,4,"(3, 4]"
68f6e96c5fa6e044,4,"(3, 4]"
1e7483dbff40b84b,4,"(3, 4]"
ec18eb918121787c,4,"(3, 4]"
776a58a67665a171,4,"(3, 4]"
6b56e94a59b7b134,4,"(3, 4]"
b671bdf981ad527d,4,"(3, 4]"
bd532e9a2b93870c,4,"(3, 4]"
7832f2f62f04178f,4,"(3, 4]"
b26d3e3746fb4024,4,"(3, 4]"
1eff7bc0f815b270,4,"(3, 4]"
28f62d866c59c709,4,"(3, 4]"
764d39074a352e33,4,"(3, 4]"
bbc9ab95fa766493,4,"(3, 4]"
e2ccd9a9ace60de7,4,"(3, 4]"
ec0dcceace7d25a3,4,"(3, 4]"
6aa1cbc1466e9a0b,4,"(3, 4]"
7559395ad833c074,4,"(3, 4]"
e3964ece586e0635,4,"(3, 4]"
773f7feacf96153e,4,"(3, 4]"
76ee3d666c648f6b,4,"(3, 4]"
7af33fc4435017f1,4,"(3, 4]"
af90b10c785ced3e,4,"(3, 4]"
917a5cb9821df261,4,"(3, 4]"
2af2f2e26c4c0402,4,"(3, 4]"
bf0e700106d00e55,4,"(3, 4]"
7bc96507e4b38d3b,4,"(3, 4]"
ec664422b22d9787,4,"(3, 4]"
9c44f290f5726d95,4,"(3, 4]"
aa0c573da7119292,4,"(3, 4]"
065eb44700e641a4,4,"(3, 4]"
b12fb759e02378de,4,"(3, 4]"
c9f6385af6df66d7,4,"(3, 4]"
d549cefc7c54ab78,4,"(3, 4]"
fbf0947399d14323,4,"(3, 4]"
4f3064faf17aa711,4,"(3, 4]"
d50382dc0565a9e1,4,"(3, 4]"
27fc9218a3653e3c,4,"(3, 4]"
ed74afc8b5b47a61,4,"(3, 4]"
7b3503352cd53abb,4,"(3, 4]"
eee0ef3e2b14816b,4,"(3, 4]"
7a39bbac8cc0fa70,4,"(3, 4]"
b67d6bacc68d4c92,4,"(3, 4]"
c0386644627a7ee5,4,"(3, 4]"
bf2c8e01b07d3eb1,4,"(3, 4]"
19ffeb5e3fffd6d5,4,"(3, 4]"
2b6d855c6e280fb1,4,"(3, 4]"
bf12aca029bfcc47,4,"(3, 4]"
6c3b2525436cf5d4,4,"(3, 4]"
7b310409440c9102,4,"(3, 4]"
6c7020b859c7a3ce,4,"(3, 4]"
6c9b66b43663f2f7,4,"(3, 4]"
b59037262c8fe060,4,"(3, 4]"
e18a19001a3f7c7d,4,"(3, 4]"
6747ccd6d1acd266,4,"(3, 4]"
bebb4ae55ac2bf6f,4,"(3, 4]"
79cb2a690b9ba5e8,4,"(3, 4]"
5cdf5339728f580d,4,"(3, 4]"
79325a3c1a5c3bf4,4,"(3, 4]"
c23e3d4875340d8d,4,"(3, 4]"
18e8b7070228e728,4,"(3, 4]"
60ba33c3f555a7a3,4,"(3, 4]"
75f871836d41f90f,4,"(3, 4]"
2ee09ec2a0695eb9,4,"(3, 4]"
dda15dbfafb792df,4,"(3, 4]"
242d36d241b43c12,4,"(3, 4]"
5dd180c8b3196786,4,"(3, 4]"
df2bf09c99594848,4,"(3, 4]"
b7f38813485745da,4,"(3, 4]"
e76d9f656ceb82ab,4,"(3, 4]"
5ea918ea81b7dee2,4,"(3, 4]"
148bb103cfbf123e,4,"(3, 4]"
f2f140ce7532e327,4,"(3, 4]"
83b00f7597e5ac83,4,"(3, 4]"
2e25c1d983c26311,4,"(3, 4]"
dfae5da5676e4194,4,"(3, 4]"
13b2f59210dda9cc,4,"(3, 4]"
725b1abc9a39d873,4,"(3, 4]"
257b0c8d6f199895,4,"(3, 4]"
18d01f7f8338ae72,4,"(3, 4]"
b6e6c3b1dcaae0a1,4,"(3, 4]"
b909a9a9688b5284,4,"(3, 4]"
19b7738321cfae42,4,"(3, 4]"
80779d7441af1b52,4,"(3, 4]"
acb36c908d415c4a,4,"(3, 4]"
25f9a5f3e8a52618,4,"(3, 4]"
efaf544314bb5c2e,4,"(3, 4]"
b72a60a0cadff408,4,"(3, 4]"
2db7fa8db6bc9632,4,"(3, 4]"
6ded9184b2284645,4,"(3, 4]"
7e511f8d842a109d,4,"(3, 4]"
ad56b3f00ca38dfd,4,"(3, 4]"
e70de1859b7ee78e,4,"(3, 4]"
c295de4e10acd4c9,4,"(3, 4]"
6b7c7460855dbbb9,4,"(3, 4]"
74d35fbc9c6a61bd,4,"(3, 4]"
c136b2a8852da5bd,4,"(3, 4]"
2d447cc91bdaa545,4,"(3, 4]"
e9e1acc96536bb4f,4,"(3, 4]"
1a08b01fdabb6ae2,4,"(3, 4]"
ba5e253af86db1a8,4,"(3, 4]"
eaea0fc7b76525a8,4,"(3, 4]"
b1f21ce050035d58,4,"(3, 4]"
82529ce93cd9a2cf,4,"(3, 4]"
1ddb480b601cefb1,4,"(3, 4]"
e45cfa47f504033a,4,"(3, 4]"
eb393afdbe3293d5,4,"(3, 4]"
b4880ef2f838d4e1,4,"(3, 4]"
687c15b2eddfaa63,4,"(3, 4]"
ba043b03eb799063,4,"(3, 4]"
253076a23d03dcd0,4,"(3, 4]"
81d9df19e255b8b6,4,"(3, 4]"
dcbf01d605681ad1,4,"(3, 4]"
19db7ac26308178f,4,"(3, 4]"
e5ecaf884b6da2bc,4,"(3, 4]"
6eaec40f724852f4,4,"(3, 4]"
5ef94841c4bc3f86,4,"(3, 4]"
df05aa15b2d66f57,4,"(3, 4]"
253de74457bd6374,4,"(3, 4]"
c169545ab0825f44,4,"(3, 4]"
2f1a257d6777096d,4,"(3, 4]"
de594b35c45c2e9a,4,"(3, 4]"
5fceb45939fc0c8a,4,"(3, 4]"
2fe9032955c2e013,4,"(3, 4]"
70fa1c64a2c439ef,4,"(3, 4]"
ac29d508d78384c9,4,"(3, 4]"
6e8f1bcdda94ff45,4,"(3, 4]"
165c244bcca3ed26,4,"(3, 4]"
4e9fb05d7e5e61b8,4,"(3, 4]"
01784fbc27c68b14,4,"(3, 4]"
d4f364dd076bb0e2,4,"(3, 4]"
029e1293e609fd74,4,"(3, 4]"
85d905f7c4f5a1af,4,"(3, 4]"
f5ff7bcdcfeba3ad,4,"(3, 4]"
5904b0b38dc6718d,4,"(3, 4]"
57186c150c645200,4,"(3, 4]"
88d7b6d8230e1f3f,4,"(3, 4]"
8d20d76af3f213ce,4,"(3, 4]"
0e9869d712e81f8f,4,"(3, 4]"
876f478f796495f7,4,"(3, 4]"
5b2325cd70dbe2ea,4,"(3, 4]"
a7ddae0be8b78147,4,"(3, 4]"
f65dcb22dada2223,4,"(3, 4]"
f59e9e49ef85b469,4,"(3, 4]"
f6ad6a1e4d600e0d,4,"(3, 4]"
31bbd39c0a075d4e,4,"(3, 4]"
102a8fdf8cbf7467,4,"(3, 4]"
8abf70f79e9e27c2,4,"(3, 4]"
5bb0a618ad03ac64,4,"(3, 4]"
8a9c6c4301f6d088,4,"(3, 4]"
c4d039123e62f6a9,4,"(3, 4]"
025f0b1b58fbad01,4,"(3, 4]"
55a7b2d4e54ffac9,4,"(3, 4]"
55ed59d541f8b90c,4,"(3, 4]"
e6c5908910cc26e4,4,"(3, 4]"
d90b630e0561818b,4,"(3, 4]"
899923ff6ab13917,4,"(3, 4]"
a851c35f58199231,4,"(3, 4]"
5b8ba8f5512893b1,4,"(3, 4]"
a6959da32f0e6b5d,4,"(3, 4]"
0d0351c20169a499,4,"(3, 4]"
0ccab7c889ede9ea,4,"(3, 4]"
8a65fd9ba31fd3f7,4,"(3, 4]"
862b0b3375aa4b6e,4,"(3, 4]"
0c9c0a43d3f3f49d,4,"(3, 4]"
c3ded6f7155f9ea4,4,"(3, 4]"
103b06d8707895a9,4,"(3, 4]"
c4af2feb4b58bc3b,4,"(3, 4]"
a54660deb6a8489c,4,"(3, 4]"
33b2f68ef95252e0,4,"(3, 4]"
8bbc0cfc01bc1ba1,4,"(3, 4]"
56f7d7ee06be4aab,4,"(3, 4]"
8b6e5dc2ba1edbe7,4,"(3, 4]"
56116a79e4deed06,4,"(3, 4]"
8cad40a75e5c97f5,4,"(3, 4]"
1235b31de15d0c6e,4,"(3, 4]"
c739c2995a275314,4,"(3, 4]"
c3218c810959d279,4,"(3, 4]"
f86cb5f25d545e0e,4,"(3, 4]"
8ce87f7e3a9baed2,4,"(3, 4]"
aa03a3ca00ac6827,4,"(3, 4]"
12585614e0ed2626,4,"(3, 4]"
92aafa8f4b26269b,4,"(3, 4]"
a56607a451e4c70d,4,"(3, 4]"
56c9acc4e86046a2,4,"(3, 4]"
c4b81cdecd5d6abe,4,"(3, 4]"
84f727cf0166d6f2,4,"(3, 4]"
f5779a2303ed76ec,4,"(3, 4]"
11583163f45c7b31,4,"(3, 4]"
f7d73e452b064bf2,4,"(3, 4]"
dbea8c1cb327ab3d,4,"(3, 4]"
a7b48e18ca27795d,4,"(3, 4]"
3410cf010558dc8b,4,"(3, 4]"
568bbad0eaced57c,4,"(3, 4]"
852454c572675334,4,"(3, 4]"
8c169fbe1ac33637,4,"(3, 4]"
f41b9f5efc7162d6,4,"(3, 4]"
56fcb2c4d99f9d1b,4,"(3, 4]"
0b362247806341e5,4,"(3, 4]"
12e0fdc606f7e274,4,"(3, 4]"
a67d071163962af8,4,"(3, 4]"
029afd138865d20a,4,"(3, 4]"
0de720c0f1d4ab9c,4,"(3, 4]"
9e92e1ca498d7244,4,"(3, 4]"
9d4522df6fc49a47,4,"(3, 4]"
5431dccc09118234,4,"(3, 4]"
a29db9cd4f9ccea5,4,"(3, 4]"
f998f5c102250d6e,4,"(3, 4]"
082eba4cd80f736f,4,"(3, 4]"
c2a670b22d2e196f,4,"(3, 4]"
d80ee110748171ac,4,"(3, 4]"
8f4eeaf7a0df7c1a,4,"(3, 4]"
37d752ec41ed84bb,4,"(3, 4]"
fa8b9e6b0c2269f8,4,"(3, 4]"
c9587d81e1d33925,4,"(3, 4]"
38c5817ade8a8014,4,"(3, 4]"
8f0d576beba1cfcd,4,"(3, 4]"
4b1d46a1b5c0fd11,4,"(3, 4]"
a01e84abefd85ec0,4,"(3, 4]"
d2f43cfaf8ca3560,4,"(3, 4]"
546015aa2ad945fd,4,"(3, 4]"
09f579be4520394a,4,"(3, 4]"
34c2b3656f88f7ef,4,"(3, 4]"
93b62c5f2ba18e51,4,"(3, 4]"
cd01f0b768a32475,4,"(3, 4]"
04c15b52c3cc1cab,4,"(3, 4]"
d403b1a6f278c95e,4,"(3, 4]"
d35f734c56a89103,4,"(3, 4]"
4c288a2b250bb576,4,"(3, 4]"
a09ed60aa67a3f67,4,"(3, 4]"
93b9496275bbbf80,4,"(3, 4]"
34b96d52db1d26e6,4,"(3, 4]"
cb6783c39c01d896,4,"(3, 4]"
cbe79765d44bd172,4,"(3, 4]"
fb8a3025ae722e64,4,"(3, 4]"
901cddcbfa079097,4,"(3, 4]"
8d49545dadf9b919,4,"(3, 4]"
f923e012414c883e,4,"(3, 4]"
41cc71cbf210e0fe,4,"(3, 4]"
54578e5927adea53,4,"(3, 4]"
3fa97913cfd205d3,4,"(3, 4]"
96c336b463e0662c,4,"(3, 4]"
3e61082025db8137,4,"(3, 4]"
d221ee27afc7a60e,4,"(3, 4]"
3f7dab21b6c971bc,4,"(3, 4]"
49ee5024966efc0d,4,"(3, 4]"
cc900c6a71ed23f3,4,"(3, 4]"
96924b0019b3aff1,4,"(3, 4]"
4959f10a62f3fec3,4,"(3, 4]"
cd12227edd3f134b,4,"(3, 4]"
494b0bfdbac74502,4,"(3, 4]"
40ff198adda94b9f,4,"(3, 4]"
9f755fb04cc21499,4,"(3, 4]"
972c456ff38b2015,4,"(3, 4]"
42ac4020cba261ad,4,"(3, 4]"
4100c7a09497ad41,4,"(3, 4]"
d1528ac5675558b1,4,"(3, 4]"
411539901068522f,4,"(3, 4]"
9ccf8371fd80d45d,4,"(3, 4]"
449c890bd90f3374,4,"(3, 4]"
99bcdf5eac39898f,4,"(3, 4]"
4304992c2acc187b,4,"(3, 4]"
ff4c3ab594c7fac3,4,"(3, 4]"
cdadae5363b66eef,4,"(3, 4]"
fef3d17e27e916e7,4,"(3, 4]"
4417980b3e798abf,4,"(3, 4]"
009c4420727149ea,4,"(3, 4]"
4665f9f909cd7214,4,"(3, 4]"
9b7dfb3b7d99926a,4,"(3, 4]"
cfaf010d5b389c09,4,"(3, 4]"
44bc27bfa76dcd9e,4,"(3, 4]"
ffd3224638c01b57,4,"(3, 4]"
d008d785f6347dc2,4,"(3, 4]"
297a2b35444c245b,3,"(2, 3]"
28d421729451c8ca,3,"(2, 3]"
7c9f96f9a6a5cd50,3,"(2, 3]"
28c55b4087a6f136,3,"(2, 3]"
2804ce8dadab5770,3,"(2, 3]"
3c241737a6069b9f,3,"(2, 3]"
7bde387d50829adf,3,"(2, 3]"
27b164b0d1833df0,3,"(2, 3]"
57bad6a84230f0c9,3,"(2, 3]"
2721bb808bb2523c,3,"(2, 3]"
2c010b26a3306969,3,"(2, 3]"
6dd758d34da8d254,3,"(2, 3]"
39cc64bf0a269db9,3,"(2, 3]"
76729a829623e266,3,"(2, 3]"
71f048adbfed5b49,3,"(2, 3]"
2c5a0b8317f8f27a,3,"(2, 3]"
36df8e119aec6175,3,"(2, 3]"
6cadfd8f1d9e7685,3,"(2, 3]"
4c8d6fde2dde07c4,3,"(2, 3]"
2f3f12002564bb55,3,"(2, 3]"
2ebfbe72ed703925,3,"(2, 3]"
7279654c7674cd24,3,"(2, 3]"
0b31f87be71ebbb1,3,"(2, 3]"
369e1ce458ef50a6,3,"(2, 3]"
1a2bf44edb8055b6,3,"(2, 3]"
15ec018d144710db,3,"(2, 3]"
3a12a2f096a6d975,3,"(2, 3]"
776d4262c4da38bf,3,"(2, 3]"
78a68f1dade6aaf7,3,"(2, 3]"
2de91c2244ad7e89,3,"(2, 3]"
3ae10ac4df3df05c,3,"(2, 3]"
777dea713da2441d,3,"(2, 3]"
6ceff86fae4f6b3b,3,"(2, 3]"
6cbb7661c3258617,3,"(2, 3]"
2c5f5749569eef66,3,"(2, 3]"
35b3772629e27a49,3,"(2, 3]"
46e2011d92463b7e,3,"(2, 3]"
33e00249ef08d3a4,3,"(2, 3]"
2526be54e6a0e62a,3,"(2, 3]"
6a11e325aa60ad02,3,"(2, 3]"
65db4065e2bc107d,3,"(2, 3]"
1b38a2b897f6209c,3,"(2, 3]"
83a477a7dba1ca58,3,"(2, 3]"
1af1170ed937cba7,3,"(2, 3]"
65cdf4ec31143d86,3,"(2, 3]"
1a98c9dbb7fc3959,3,"(2, 3]"
841695e02c99a521,3,"(2, 3]"
45e738622ea2c02c,3,"(2, 3]"
4638cc6479cc0afe,3,"(2, 3]"
46d0a888d87d91ac,3,"(2, 3]"
1999ffb5cebc314f,3,"(2, 3]"
198994b47f395af0,3,"(2, 3]"
62f7097c04311193,3,"(2, 3]"
9123c54d0a2b72dd,3,"(2, 3]"
3d5b1ce6097dbb49,3,"(2, 3]"
3c921b1a30fdcbdd,3,"(2, 3]"
36e78278a77006d4,3,"(2, 3]"
6e7506127408aa9e,3,"(2, 3]"
72ea1984c52019b5,3,"(2, 3]"
3753714927f18437,3,"(2, 3]"
72ffecf712673af1,3,"(2, 3]"
326a001926ffb7ec,3,"(2, 3]"
706f8e2b34e8e18b,3,"(2, 3]"
31ceaf0e670c1578,3,"(2, 3]"
319fa1bd3176bded,3,"(2, 3]"
318572f6f74b760d,3,"(2, 3]"
744e098e065cfdbe,3,"(2, 3]"
37b1696e6d115957,3,"(2, 3]"
745fa7b605f8e2da,3,"(2, 3]"
6ef58dabef8beb15,3,"(2, 3]"
30ea504870f8597b,3,"(2, 3]"
75afb06215a07341,3,"(2, 3]"
75bbd2206a15319f,3,"(2, 3]"
4c805f5f58a75df0,3,"(2, 3]"
5df17b3620145578,3,"(2, 3]"
971dba22c622af12,3,"(2, 3]"
4908c5ee68a50ee5,3,"(2, 3]"
008ea710276c9606,3,"(2, 3]"
010986ee359fb863,3,"(2, 3]"
008dc37cca279def,3,"(2, 3]"
89839250eb25c9c1,3,"(2, 3]"
523f6ad11dbe9b53,3,"(2, 3]"
14aa21bc82cac57d,3,"(2, 3]"
129537073431e52e,3,"(2, 3]"
56b8b24f65f9f057,3,"(2, 3]"
01fed6f61ebea01f,3,"(2, 3]"
99dd0147dc4ef80c,3,"(2, 3]"
993d385f5a475375,3,"(2, 3]"
49f4b511932f71e9,3,"(2, 3]"
8c8c92a12621d7e0,3,"(2, 3]"
103e2e33a60683e1,3,"(2, 3]"
93b2b7caa457cbea,3,"(2, 3]"
12f1b140e248bdb9,3,"(2, 3]"
140567899d98978a,3,"(2, 3]"
4bdedbdeedff7d1d,3,"(2, 3]"
48812daf291a4e23,3,"(2, 3]"
13e62d766b709aa6,3,"(2, 3]"
02bb48869eb7ac8f,3,"(2, 3]"
9c393e836a852f30,3,"(2, 3]"
88be62d6c1e6dadb,3,"(2, 3]"
882d62561063a927,3,"(2, 3]"
546f8599a63c29da,3,"(2, 3]"
11f8860028b68fcf,3,"(2, 3]"
53c10176e3bc7416,3,"(2, 3]"
9c27f3217891f3f0,3,"(2, 3]"
5cafbc97dba2e797,3,"(2, 3]"
4834ff149dc9542a,3,"(2, 3]"
87f8699fdcc2c404,3,"(2, 3]"
8cb76103cd8a1562,3,"(2, 3]"
00a3ff40c4b2cf21,3,"(2, 3]"
02500fb9fd79a974,3,"(2, 3]"
51c655162e462ceb,3,"(2, 3]"
058e4e08a1ad8aba,3,"(2, 3]"
5095b0920a3602aa,3,"(2, 3]"
0641c21bec209472,3,"(2, 3]"
57bf89d42364d39e,3,"(2, 3]"
5abf827d62f98fee,3,"(2, 3]"
0f1efce7d2571d10,3,"(2, 3]"
5c84f673b7bb7c15,3,"(2, 3]"
0e46690e55a8df75,3,"(2, 3]"
03c9994c5b8958ec,3,"(2, 3]"
97a8f39186f489db,3,"(2, 3]"
0cd0456d6029cec2,3,"(2, 3]"
8fc9ae9c7527dfcb,3,"(2, 3]"
97a6bbe6e6566a94,3,"(2, 3]"
0c258d1d8e16e5f1,3,"(2, 3]"
90da09db03e41748,3,"(2, 3]"
4b8fb0453a596b8e,3,"(2, 3]"
5140122c3eecd307,3,"(2, 3]"
50a28b9f8314e008,3,"(2, 3]"
5731cc327790b731,3,"(2, 3]"
09a4447655fd4b7b,3,"(2, 3]"
07047eb7d17fb0a2,3,"(2, 3]"
9256f591b30c073e,3,"(2, 3]"
4f2fcbefb668689d,3,"(2, 3]"
4f4dac51adc1af4f,3,"(2, 3]"
4f736494fc733095,3,"(2, 3]"
06626b6287e1ae1e,3,"(2, 3]"
4f74c8be51db8a37,3,"(2, 3]"
947eccadb72f4f6f,3,"(2, 3]"
58bc81376286b3d3,3,"(2, 3]"
938ad489fb7a1f31,3,"(2, 3]"
06a80a685ea98573,3,"(2, 3]"
06f0ffa6446c5b6d,3,"(2, 3]"
9310418684bc896f,3,"(2, 3]"
4f853e98886283cf,3,"(2, 3]"
94508d80e1f885fc,3,"(2, 3]"
072a10e85f7d4bff,3,"(2, 3]"
8614b7134913f5d5,3,"(2, 3]"
32feae6d9a1e5047,3,"(2, 3]"
61fb8098ccf81c7f,3,"(2, 3]"
e091482fa6648261,3,"(2, 3]"
bffeb123b21c9aad,3,"(2, 3]"
e06fd1260ac865a7,3,"(2, 3]"
d964a59c48381cb6,3,"(2, 3]"
e023fa2e648ea0f1,3,"(2, 3]"
da1d8d76404bb6b5,3,"(2, 3]"
efa1f6b42c86793c,3,"(2, 3]"
c575ab451e3c5b1d,3,"(2, 3]"
c4fe2e9a06ea5bcb,3,"(2, 3]"
eea0274e153256a0,3,"(2, 3]"
c4b9296214f4c09c,3,"(2, 3]"
a6c20202c701e5ca,3,"(2, 3]"
da97d6c97d09c030,3,"(2, 3]"
ad047e3073a775f3,3,"(2, 3]"
f703250471acaf96,3,"(2, 3]"
c487223b0289bda9,3,"(2, 3]"
a6fd2173d5e2d7f0,3,"(2, 3]"
a72a2a769fa5a2be,3,"(2, 3]"
f1175ea3aafbf351,3,"(2, 3]"
dedc3bb440d09554,3,"(2, 3]"
a7d687e6ecb30981,3,"(2, 3]"
f1ab6f37492c630a,3,"(2, 3]"
c1a5d3843596df92,3,"(2, 3]"
a817e238b2747404,3,"(2, 3]"
de62052b2ede65ba,3,"(2, 3]"
c3bd649a9194e50c,3,"(2, 3]"
abbc737317f66b81,3,"(2, 3]"
abb68e3c7ca128f2,3,"(2, 3]"
de3ed2e152520c8d,3,"(2, 3]"
f4d92416da98804b,3,"(2, 3]"
a8ea84cbe1655f0a,3,"(2, 3]"
a9d6e047ce48ab63,3,"(2, 3]"
c24b1db4b809d41b,3,"(2, 3]"
f2900678e98f6d6a,3,"(2, 3]"
dd4c16777fb2ccf9,3,"(2, 3]"
f3a078277b3b8ff4,3,"(2, 3]"
ae071698e1a3ccd4,3,"(2, 3]"
d35298b6df168456,3,"(2, 3]"
f3388d2cf7ab3f64,3,"(2, 3]"
9c669abd35b2522f,3,"(2, 3]"
fe5a9547479396ab,3,"(2, 3]"
e361e5c858af6ff1,3,"(2, 3]"
e57fdbea1b828202,3,"(2, 3]"
cbf1c7ba5408a66f,3,"(2, 3]"
d1152823307d7e7c,3,"(2, 3]"
e363b21261814830,3,"(2, 3]"
e7e01e266a9d4342,3,"(2, 3]"
b60c980f79b87ce8,3,"(2, 3]"
b62d5280966b2460,3,"(2, 3]"
9c442aaf149ea982,3,"(2, 3]"
e99821959a840bb8,3,"(2, 3]"
baed16f18348908e,3,"(2, 3]"
a0c139b34f11421a,3,"(2, 3]"
fea8acf9bfcf09ec,3,"(2, 3]"
86bace9e4ad85542,3,"(2, 3]"
a00ec21cfbba17b6,3,"(2, 3]"
9edf2c9082cc2cd8,3,"(2, 3]"
e8fe9c15d348e778,3,"(2, 3]"
b57edace7b647f07,3,"(2, 3]"
ccf5dc41417e9daf,3,"(2, 3]"
cda1099995b46cc2,3,"(2, 3]"
d29b5c4f22c6357d,3,"(2, 3]"
9f488f520ed25bbf,3,"(2, 3]"
9ccdd2ce45903f34,3,"(2, 3]"
b7c5eb7cdbac6a63,3,"(2, 3]"
e979c76341f19b22,3,"(2, 3]"
e8fb8e53bc2e29d6,3,"(2, 3]"
b7ad576b8ae115e6,3,"(2, 3]"
b9415726dc3ec526,3,"(2, 3]"
d0a5ef38a7778ac2,3,"(2, 3]"
b9c03e7a4557e542,3,"(2, 3]"
ccba80d4820ef557,3,"(2, 3]"
e50cd77732d39967,3,"(2, 3]"
ea3ef6206c7907d5,3,"(2, 3]"
f8f1ec513bcfef43,3,"(2, 3]"
9cfbfae5fa1fdd93,3,"(2, 3]"
bb2c3c3a466224af,3,"(2, 3]"
7e208569469c8bc8,3,"(2, 3]"
3f11b5d4bd76a6d9,3,"(2, 3]"
7f0f171414d0a287,3,"(2, 3]"
3f11fd1751fa83b1,3,"(2, 3]"
3f1d23b01c552a13,3,"(2, 3]"
3f4c3bc822bea45d,3,"(2, 3]"
40a456a25d52ee65,3,"(2, 3]"
1fe7adb23b3eedfb,3,"(2, 3]"
8163cd7de0342652,3,"(2, 3]"
1efa064872f089d0,3,"(2, 3]"
1ed32eaaba9ffe10,3,"(2, 3]"
4123fd4dcc1fe937,3,"(2, 3]"
41f90012b86a11bf,3,"(2, 3]"
66e98b3bb5fc5250,3,"(2, 3]"
83455a9d17f57dae,3,"(2, 3]"
56709e66f1c6008f,3,"(2, 3]"
2284092f8b63273b,3,"(2, 3]"
2296125b6c362355,3,"(2, 3]"
dc07493a87dc0a6e,3,"(2, 3]"
3eb4dc9a7d4ac906,3,"(2, 3]"
873626e5547b5235,3,"(2, 3]"
182f2b78582de3d8,3,"(2, 3]"
a2b06ca02bca14c0,3,"(2, 3]"
4729c93ba705a3bf,3,"(2, 3]"
879f6cae48d25baa,3,"(2, 3]"
480779d7f9a424d3,3,"(2, 3]"
1cf1310684a841f5,3,"(2, 3]"
87f19d19f4cb73f8,3,"(2, 3]"
43a59ce3bb40449e,3,"(2, 3]"
1d4bbaabd8b60173,3,"(2, 3]"
23a16ebe733e3041,3,"(2, 3]"
69f01b25dfabaf6b,3,"(2, 3]"
3e8118c1ab52f211,3,"(2, 3]"
7debc13b36343605,3,"(2, 3]"
7dfb56f24fe5ddea,3,"(2, 3]"
7f1bf0c255ec8756,3,"(2, 3]"
23725c826c481e7f,3,"(2, 3]"
d7adfcfdf7c6c1f8,3,"(2, 3]"
e0b0cf71e0d69dd0,3,"(2, 3]"
b406da701c479076,3,"(2, 3]"
bc656db347f31e19,3,"(2, 3]"
ec13c393d029297d,3,"(2, 3]"
b2f88c04c4dd43ce,3,"(2, 3]"
d53482bef23235ba,3,"(2, 3]"
cac08b8685387ca5,3,"(2, 3]"
b2acebbef8da14ea,3,"(2, 3]"
c9a94278df042f46,3,"(2, 3]"
bd878a638e0e3be3,3,"(2, 3]"
c96e2ae6021144a1,3,"(2, 3]"
a2ccf35a88346a91,3,"(2, 3]"
a2d342ffc83913ed,3,"(2, 3]"
e26bd53b751d61d9,3,"(2, 3]"
fb41432b622992a9,3,"(2, 3]"
e2be0c1a9b886d92,3,"(2, 3]"
d6285cba1d1052e0,3,"(2, 3]"
fae67903c4fe636b,3,"(2, 3]"
ec2d13a87d3d9541,3,"(2, 3]"
e2b8186b618b00c4,3,"(2, 3]"
b12a1d19ee383b7c,3,"(2, 3]"
ece280745f8727b8,3,"(2, 3]"
d761b3766e38c5db,3,"(2, 3]"
fa07345cc9db5cc9,3,"(2, 3]"
b19fc66613dc75b9,3,"(2, 3]"
c7e9d15cfce52f1d,3,"(2, 3]"
be68b375707dcb85,3,"(2, 3]"
a474aade8eb3a8f0,3,"(2, 3]"
c7d7fda69ec410d3,3,"(2, 3]"
f9081770e28ea2e1,3,"(2, 3]"
edad57b3dddf2168,3,"(2, 3]"
e0f7c4f3f67bc808,3,"(2, 3]"
a54a35a670d8e852,3,"(2, 3]"
a57cb948c4c70a47,3,"(2, 3]"
a66395395b5f1394,2,"(1, 2]"
68d76fd9ecf7431d,2,"(1, 2]"
83825fad27ab3581,2,"(1, 2]"
8c39367b53eadf8a,2,"(1, 2]"
8ef4a91ac694b7ce,2,"(1, 2]"
81b8b3fb019dc69d,2,"(1, 2]"
be4076c9e8d791e3,2,"(1, 2]"
6967153c7edb4d87,2,"(1, 2]"
696002b59f09d73b,2,"(1, 2]"
6905d45bd71b50a9,2,"(1, 2]"
69037fc7730e4225,2,"(1, 2]"
8f2deefe8c5dfb5d,2,"(1, 2]"
68c7ad953455c73f,2,"(1, 2]"
68b8ebdfce9dbb61,2,"(1, 2]"
8173f134396cb971,2,"(1, 2]"
69898645d600abdb,2,"(1, 2]"
85d0fafb8b75d634,2,"(1, 2]"
80e6d71e14c1d356,2,"(1, 2]"
ac5a7400da3a9a41,2,"(1, 2]"
7aa88401f93ce836,2,"(1, 2]"
90e0985df05e51bc,2,"(1, 2]"
72c4b253d2f5ebf2,2,"(1, 2]"
67a992d4cff22466,2,"(1, 2]"
6803d4d6908354ac,2,"(1, 2]"
b369533a577fa97c,2,"(1, 2]"
760a55d5b6098cbe,2,"(1, 2]"
b63e800c18e011b5,2,"(1, 2]"
72e5e5a6edfa8223,2,"(1, 2]"
b2a2da86546ddb19,2,"(1, 2]"
b8c0f30ee9a98b69,2,"(1, 2]"
9147679e1a4ad4a3,2,"(1, 2]"
7269329bd87eb479,2,"(1, 2]"
77350fd0e6d1dba8,2,"(1, 2]"
a9bcf8717dd12532,2,"(1, 2]"
7478b7f959ba61f5,2,"(1, 2]"
85980f5da429c0a6,2,"(1, 2]"
85497ffd934ecf7e,2,"(1, 2]"
b4c57a8c2b773e82,2,"(1, 2]"
b4c96c3d9139bf0e,2,"(1, 2]"
83d0de122f2f9664,2,"(1, 2]"
b53c46f613f6f248,2,"(1, 2]"
a85998eb79650b2c,2,"(1, 2]"
879b8df81523d91b,2,"(1, 2]"
b39f7a6c2be17ee8,2,"(1, 2]"
7342fcc41a4817fa,2,"(1, 2]"
aa6e591c2a2cdecd,2,"(1, 2]"
b35ba64b6a2bbcb3,2,"(1, 2]"
a7de976620f2ed13,2,"(1, 2]"
8765559b6a29a421,2,"(1, 2]"
b60391da771deefe,2,"(1, 2]"
b6203e0492a9336c,2,"(1, 2]"
911fb265462f0d94,2,"(1, 2]"
22061ff217907c78,2,"(1, 2]"
684d3aee255a3d09,2,"(1, 2]"
915c8d39d4a0e7d1,2,"(1, 2]"
ce175eaafe867d1f,2,"(1, 2]"
e26882820f9e8df5,2,"(1, 2]"
e9bc5748e6a76bb6,2,"(1, 2]"
21b813b919776d90,2,"(1, 2]"
e99eb0ef25885de5,2,"(1, 2]"
225def29ecfe0fc1,2,"(1, 2]"
22e07d3da1aa3475,2,"(1, 2]"
e87a13e02c01331d,2,"(1, 2]"
e81dd0bb8a64b550,2,"(1, 2]"
e7fe5315b1efeb92,2,"(1, 2]"
e7f51d9f9e9259e7,2,"(1, 2]"
239d8e5359022f3b,2,"(1, 2]"
23a6e307077c6ccc,2,"(1, 2]"
24174a3f44ce8e03,2,"(1, 2]"
2525a853486ee670,2,"(1, 2]"
e6147d5ab3685899,2,"(1, 2]"
21b5c82c1b89dab1,2,"(1, 2]"
25433871e4eee0f4,2,"(1, 2]"
21b1132949f2a9b0,2,"(1, 2]"
20ec0061400178ca,2,"(1, 2]"
1b35af4d1529adf6,2,"(1, 2]"
8c020156779f7888,2,"(1, 2]"
ed2a8cc402173781,2,"(1, 2]"
6e344b71421103da,2,"(1, 2]"
bb61823f76361297,2,"(1, 2]"
69a400af4420cd6a,2,"(1, 2]"
7a613f78dd7ee8f8,2,"(1, 2]"
69e8c632135af48b,2,"(1, 2]"
a421465acbe59c77,2,"(1, 2]"
8c3f3c43c8ceb778,2,"(1, 2]"
8c822811eedc11ad,2,"(1, 2]"
8caca5857ce0e30b,2,"(1, 2]"
8cb78f3a6c2a08f7,2,"(1, 2]"
6d48a2df51749d91,2,"(1, 2]"
6d38e41efa47a72d,2,"(1, 2]"
837d30395faca41e,2,"(1, 2]"
8dc46e9a7895ce1a,2,"(1, 2]"
7a359ef685a304a7,2,"(1, 2]"
a4dc47001f202bcd,2,"(1, 2]"
a4dc0f2b95df4cc1,2,"(1, 2]"
6add18754930182b,2,"(1, 2]"
7a47e068f8017019,2,"(1, 2]"
8270c00fae24c922,2,"(1, 2]"
baa5358456803df8,2,"(1, 2]"
826475cc758e60e6,2,"(1, 2]"
8e8e4487c621aa1c,2,"(1, 2]"
baa9be02c3e3e038,2,"(1, 2]"
bad8be5827ea1bf1,2,"(1, 2]"
6a8928652fc01bee,2,"(1, 2]"
baf942f4bcb09894,2,"(1, 2]"
6e92eb1242b46636,2,"(1, 2]"
6224e8d0a34264eb,2,"(1, 2]"
8b260672a21d1fd6,2,"(1, 2]"
b0f316c60f8d3b47,2,"(1, 2]"
91d73ee59347ac16,2,"(1, 2]"
7bc475b0fc2020ab,2,"(1, 2]"
637bd06c32219f0b,2,"(1, 2]"
c06d554ce1713fd3,2,"(1, 2]"
7c0847d3854a95f2,2,"(1, 2]"
934de214814b8ff4,2,"(1, 2]"
7f9f528cb72a6ed1,2,"(1, 2]"
afe8d5b39ff7fca2,2,"(1, 2]"
7f6ef4e1227600bc,2,"(1, 2]"
98a58c26c5b1ed17,2,"(1, 2]"
7eaa5e31c2dd86aa,2,"(1, 2]"
98e946879ba20c0f,2,"(1, 2]"
7cf20446453f852b,2,"(1, 2]"
98ec9f385cca47fc,2,"(1, 2]"
5823ceab56741617,2,"(1, 2]"
57887765f831e228,2,"(1, 2]"
990bd63726a577f8,2,"(1, 2]"
7d09200f6a77b20e,2,"(1, 2]"
575360be653ad6a6,2,"(1, 2]"
7d0a1968b38ca439,2,"(1, 2]"
7d3caf0f96f1b33d,2,"(1, 2]"
c5ccd878231c5407,2,"(1, 2]"
5713c1d2fac539ac,2,"(1, 2]"
63eedfcc73071d41,2,"(1, 2]"
acd9513399a8b09b,2,"(1, 2]"
9cd047a828dd7515,2,"(1, 2]"
64959f90b6dd9759,2,"(1, 2]"
ecdf14f4f8643d39,2,"(1, 2]"
c0c36a5b3d5bbdd5,2,"(1, 2]"
c10eb2f12c489f6d,2,"(1, 2]"
c0eecd851dbf3146,2,"(1, 2]"
6085ceb59087514b,2,"(1, 2]"
7c9c6a884be167fe,2,"(1, 2]"
c13042265355a290,2,"(1, 2]"
c11f50e9c1513ce9,2,"(1, 2]"
60c72f7459827881,2,"(1, 2]"
b4b496ec2197ee3e,2,"(1, 2]"
7facc9c45d792985,2,"(1, 2]"
9384e71bca6c409d,2,"(1, 2]"
669a3cb6e394f515,2,"(1, 2]"
7b39035fae7268b8,2,"(1, 2]"
663b76da637402c3,2,"(1, 2]"
bf41b5131545da12,2,"(1, 2]"
91720876db0ee468,2,"(1, 2]"
918d9d89d4d52acc,2,"(1, 2]"
a1b0715c4fd2dbd3,2,"(1, 2]"
7b6ce3a9460565b5,2,"(1, 2]"
a17322f99ddfd8e9,2,"(1, 2]"
bf9bc96336922271,2,"(1, 2]"
64ad3e3b0efa30bb,2,"(1, 2]"
7d6ceff6747f2de2,2,"(1, 2]"
9b1e3fb4f8cbd5b7,2,"(1, 2]"
6ebe96a116e79e52,2,"(1, 2]"
afc2a7ce0c763bd5,2,"(1, 2]"
981ab7a0576f76a0,2,"(1, 2]"
984d15d5dc7bfcf9,2,"(1, 2]"
be9d259be012e8a4,2,"(1, 2]"
b14a68c533f4a4aa,2,"(1, 2]"
914a897455693650,2,"(1, 2]"
725a834930c2b5bf,2,"(1, 2]"
87e2468b986ebb79,2,"(1, 2]"
aa79d5399571068e,2,"(1, 2]"
b6c37948cb226e8c,2,"(1, 2]"
a780d16cf7eed44d,2,"(1, 2]"
7215953cd5c6254d,2,"(1, 2]"
a75a48bfe776b2c2,2,"(1, 2]"
714e1e0681ddb703,2,"(1, 2]"
b732b326c362fb62,2,"(1, 2]"
b2a78df161bd67f9,2,"(1, 2]"
b2f743746e8dcfa2,2,"(1, 2]"
709fadb644ee3f51,2,"(1, 2]"
88c8f47241d90040,2,"(1, 2]"
6fc506e1099afe20,2,"(1, 2]"
a6c2f5381d575920,2,"(1, 2]"
6ece1d2ab1bed31d,2,"(1, 2]"
a6a9ab5a824e8f66,2,"(1, 2]"
8a56ea383fd26e52,2,"(1, 2]"
980b4e712489098e,2,"(1, 2]"
afdb76fbd86f6d11,2,"(1, 2]"
c6d8ae3b016d5ad5,2,"(1, 2]"
c34e5849184b08c3,2,"(1, 2]"
9b68bf67c5695185,2,"(1, 2]"
9b75954db8db2a08,2,"(1, 2]"
c7011de4765d2497,2,"(1, 2]"
59c438c81fbf3ece,2,"(1, 2]"
60193e707634e560,2,"(1, 2]"
afaad7d6a581e307,2,"(1, 2]"
c3f6db17cea09ca7,2,"(1, 2]"
9508cc6184cb2450,2,"(1, 2]"
b034747dc1d15491,2,"(1, 2]"
95eb112a85601a0a,2,"(1, 2]"
c1ea9d56cd953586,2,"(1, 2]"
5f3da9a9610d8969,2,"(1, 2]"
5f2f0da6fd6a84fd,2,"(1, 2]"
ad3041e61896b975,2,"(1, 2]"
5e84a859c6a82288,2,"(1, 2]"
5dfe71ade71f3a4b,2,"(1, 2]"
5ca158b1cc9cb242,2,"(1, 2]"
c2a7623f398d9bd7,2,"(1, 2]"
5c2ce761399dc9c5,2,"(1, 2]"
9f5e3c20ce40b344,2,"(1, 2]"
ad32471f01e7b1a5,2,"(1, 2]"
002ca196477ce572,2,"(1, 2]"
9eb069062a0cfc13,2,"(1, 2]"
1d147d4163a6989b,2,"(1, 2]"
32c03df3c9760069,2,"(1, 2]"
1d36f1ac66cf689d,2,"(1, 2]"
3f56b99447f00607,2,"(1, 2]"
d21113c9ff3788ae,2,"(1, 2]"
3f24c96753dbd9f9,2,"(1, 2]"
d25b93992f285953,2,"(1, 2]"
d26934530dc5b248,2,"(1, 2]"
4bf6b225ff6099c4,2,"(1, 2]"
3ec1e4ba98c9c85a,2,"(1, 2]"
4d74641fac830182,2,"(1, 2]"
4dc496aa0cfc0d95,2,"(1, 2]"
3e708ce33b6b18e6,2,"(1, 2]"
3e514f437c51ce0a,2,"(1, 2]"
480b702debcb5433,2,"(1, 2]"
3dd949593346dbc3,2,"(1, 2]"
d33da8a3d82bdb62,2,"(1, 2]"
d34636a85f0f4c90,2,"(1, 2]"
d35c3ed553b71fa2,2,"(1, 2]"
3c5005b66696d790,2,"(1, 2]"
ca36633b80be4a78,2,"(1, 2]"
d3de4a24f7eefac8,2,"(1, 2]"
3c26c420584d912d,2,"(1, 2]"
d3f89fa685bd8420,2,"(1, 2]"
d1759b2b7be9be56,2,"(1, 2]"
cbf94e4c4af4ff6d,2,"(1, 2]"
4a043165cf47cab2,2,"(1, 2]"
d2036f31c035e0d1,2,"(1, 2]"
4ae4049426e0161d,2,"(1, 2]"
cd7bafbeee1f29a0,2,"(1, 2]"
d18dbcb0f8e2b55d,2,"(1, 2]"
1641ef250e9de19b,2,"(1, 2]"
15ea371202eb25e1,2,"(1, 2]"
0fb1e2694a39a02f,2,"(1, 2]"
10559c53de0b950e,2,"(1, 2]"
117a06469813e4ef,2,"(1, 2]"
1208ffc5be6e31ad,2,"(1, 2]"
12458872d6afae1b,2,"(1, 2]"
f40ec51dd4de47c3,2,"(1, 2]"
f3ca6908f78efebe,2,"(1, 2]"
f6e5972c9d16c40e,2,"(1, 2]"
f3a853544e4413c4,2,"(1, 2]"
f341f9551ba744e2,2,"(1, 2]"
13c4313ed0f744f3,2,"(1, 2]"
1411c630ba711b64,2,"(1, 2]"
f2ad06f1007c481a,2,"(1, 2]"
1536a25e16fc299b,2,"(1, 2]"
f264ba50b007f39e,2,"(1, 2]"
15df64c02b6b0fde,2,"(1, 2]"
f348d05403fad037,2,"(1, 2]"
36207c58e854cae5,2,"(1, 2]"
9c42a0de8e012870,2,"(1, 2]"
4f11e9ce318ffbcb,2,"(1, 2]"
40d8b74488743800,2,"(1, 2]"
d1053e55f00e53fe,2,"(1, 2]"
cd85b48dc880fabd,2,"(1, 2]"
16b89be2f5c16fba,2,"(1, 2]"
cd2e5a390821fb48,2,"(1, 2]"
d7b2c0b53883ee80,2,"(1, 2]"
3aa794cbe1e3484b,2,"(1, 2]"
3a524c6700addc24,2,"(1, 2]"
53f84637dfffab7a,2,"(1, 2]"
d76ad9a08c4408ff,2,"(1, 2]"
3795fca327cbcf23,2,"(1, 2]"
d5b7fac960e58920,2,"(1, 2]"
36fbaa49a09ff997,2,"(1, 2]"
d5bab53a1a603aac,2,"(1, 2]"
51b0bb73a1da34bc,2,"(1, 2]"
d74cba8566291bfa,2,"(1, 2]"
3956bdc8ab2e54b3,2,"(1, 2]"
51b1e2fd9872005b,2,"(1, 2]"
ca28cdf526d6b6e9,2,"(1, 2]"
d71d968dc6ecfdaf,2,"(1, 2]"
d5ed14b2153c6ed2,2,"(1, 2]"
c9bbf1a0285a8076,2,"(1, 2]"
53e533db1b8e9712,2,"(1, 2]"
d7fe8c6b7d2872e5,2,"(1, 2]"
3ba3b5cc94498437,2,"(1, 2]"
3b9f723e2720a238,2,"(1, 2]"
c75b99887c8c3f5a,2,"(1, 2]"
1de9ad94de18eeaf,2,"(1, 2]"
38b50fd1e1b5b656,2,"(1, 2]"
3bc3f60b21cddc6a,2,"(1, 2]"
472f6f6e6d962f40,2,"(1, 2]"
d8022d5526b1d937,2,"(1, 2]"
46fd223e3ced39b3,2,"(1, 2]"
48e96d9cea6d4ab0,2,"(1, 2]"
46f11d15c0134fe3,2,"(1, 2]"
46e2ca71fd5089cb,2,"(1, 2]"
cce79e827569f26e,2,"(1, 2]"
cc98d857b148e33a,2,"(1, 2]"
cf615eb4b7862c76,2,"(1, 2]"
4690d47bf725fd98,2,"(1, 2]"
4665cbf36b08193b,2,"(1, 2]"
d3fa5c5955397532,2,"(1, 2]"
49b130de1da2e1bf,2,"(1, 2]"
45bc8f98d62bd096,2,"(1, 2]"
cc84b68f862b466f,2,"(1, 2]"
459e4dc69ec669b2,2,"(1, 2]"
45230be0641f3f53,2,"(1, 2]"
49f78022126bf4a4,2,"(1, 2]"
445a98acb8985970,2,"(1, 2]"
4a01dc8376736ef5,2,"(1, 2]"
443f60bec7c3c3d5,2,"(1, 2]"
4333a8e70a672eb7,2,"(1, 2]"
cc3147b49c7d7d92,2,"(1, 2]"
cc300e9aa3063431,2,"(1, 2]"
42078a86d3dd037b,2,"(1, 2]"
16af2d5a6f28bee2,2,"(1, 2]"
53bb0d40905b87c0,2,"(1, 2]"
eee7dafac7d672b5,2,"(1, 2]"
3329d692aea4dc28,2,"(1, 2]"
3058888c33149a53,2,"(1, 2]"
304fcd812f12c589,2,"(1, 2]"
3033c1c080672475,2,"(1, 2]"
2f815ed5f8278ba6,2,"(1, 2]"
276c60b14b571dd4,2,"(1, 2]"
e4faa79383c9f214,2,"(1, 2]"
e4d2564ea0e34e2b,2,"(1, 2]"
27d65e9d0fba61ea,2,"(1, 2]"
e4aaaa34535e32b6,2,"(1, 2]"
2961be02cfb0d2c1,2,"(1, 2]"
5669b828e7e11329,2,"(1, 2]"
ee624ee2a18f2a43,2,"(1, 2]"
2a4200ead401a9ce,2,"(1, 2]"
2c64c035485906aa,2,"(1, 2]"
2c6e81426dd7573c,2,"(1, 2]"
e09dbbd5fe3f0fe2,2,"(1, 2]"
df85d6ec3493d120,2,"(1, 2]"
2e45d08b3f2f02c8,2,"(1, 2]"
2efbc83a6b9b7f86,2,"(1, 2]"
2f43a3e82661fa99,2,"(1, 2]"
2b4faacc16d66898,2,"(1, 2]"
1ad381c8994c4e5b,2,"(1, 2]"
1a54231796e24a3f,2,"(1, 2]"
348dff4e03bd18c6,2,"(1, 2]"
330ec26453c44a59,2,"(1, 2]"
0778f94eb5d588a5,2,"(1, 2]"
330bafba312face4,2,"(1, 2]"
ec33146e43e58933,2,"(1, 2]"
ef1182eb28c17d4e,2,"(1, 2]"
1e327b281ef6a745,2,"(1, 2]"
1e35aa8955794580,2,"(1, 2]"
1ebdcb7488d0ebee,2,"(1, 2]"
eb70e786bbdf1d16,2,"(1, 2]"
1fc64507a0cb38cf,2,"(1, 2]"
2067a177a2842fbf,2,"(1, 2]"
20bd6c3e03c46ee6,2,"(1, 2]"
2153a7f8396a46cc,2,"(1, 2]"
25af5e832f17b474,2,"(1, 2]"
267f4a6568abe245,2,"(1, 2]"
27541033b97c076d,2,"(1, 2]"
de12bd65e2f46478,2,"(1, 2]"
ddf3e0ea10ea6d8c,2,"(1, 2]"
dd992d569aaebee6,2,"(1, 2]"
dd8aec6de7035943,2,"(1, 2]"
dcdd511ff757f15c,2,"(1, 2]"
dc5a6b2fdb27e7dc,2,"(1, 2]"
dc3b9cf7641b7ab6,2,"(1, 2]"
31c01fbc2586a5eb,2,"(1, 2]"
31dbfbe4e7a6727c,2,"(1, 2]"
da4628f173337902,2,"(1, 2]"
eeabcd4dc6619129,2,"(1, 2]"
1f5f75658551f2d3,2,"(1, 2]"
07a74004d964c7f4,2,"(1, 2]"
02f484417a6fa69d,2,"(1, 2]"
047a91d3d9c79b05,2,"(1, 2]"
049d698d773eb3e1,2,"(1, 2]"
fc60ecf0671b9489,2,"(1, 2]"
052ceb8976695342,2,"(1, 2]"
fc0a4053eb8a3a59,2,"(1, 2]"
0577808d22dfe79c,2,"(1, 2]"
03688dc3c3af3ac1,2,"(1, 2]"
35e1f9984ed64206,2,"(1, 2]"
0d980975001ae3d8,2,"(1, 2]"
0e5c4e72237461bb,2,"(1, 2]"
175852708cb55776,2,"(1, 2]"
17734443a833cdf7,2,"(1, 2]"
17923f676f100e16,2,"(1, 2]"
f0fad0e9f3b65752,2,"(1, 2]"
185fb0200a4605e6,2,"(1, 2]"
18aecaf50f52e4c3,2,"(1, 2]"
192520689012c7e4,2,"(1, 2]"
196ed28337adc630,2,"(1, 2]"
efb9a43415a56d34,2,"(1, 2]"
19f8a2f6eecd92ac,2,"(1, 2]"
ef44e4ea9050f2ea,2,"(1, 2]"
07f959e6596307bb,2,"(1, 2]"
1a1a4d7a29041d77,2,"(1, 2]"
036e96c1c12b8a59,2,"(1, 2]"
199eb7cf6ae90294,2,"(1, 2]"
0c670b443c3d269f,2,"(1, 2]"
0be6776db31d98ec,2,"(1, 2]"
02e52b3a595f0786,2,"(1, 2]"
0978385b2bd9ef9b,2,"(1, 2]"
f97c5433c77522d3,2,"(1, 2]"
0abcf6bc47191219,2,"(1, 2]"
0b5b6876c2a4723f,2,"(1, 2]"
0b8d512c79b4baf3,2,"(1, 2]"
0bc7e61d204f2137,2,"(1, 2]"
0871254cd790c250,2,"(1, 2]"
0bcfe2513cb3bc39,2,"(1, 2]"
f7be1db194e03d7e,2,"(1, 2]"
f9a20a17d712ef7c,2,"(1, 2]"
fb37795db81f93f3,2,"(1, 2]"
013da757877044a2,2,"(1, 2]"
fdf18227faa596dd,2,"(1, 2]"
fb79582c410d049e,2,"(1, 2]"
01daf32100ed7517,2,"(1, 2]"
01b39decaf0abf6a,2,"(1, 2]"
f9ae6914f604aa9f,2,"(1, 2]"
064b7dc68d786254,2,"(1, 2]"
ffdeb4fbea09ce75,2,"(1, 2]"
0597a4528ebd1307,2,"(1, 2]"
003d82fa384ca1d0,2,"(1, 2]"
c3d2b9bcb4cead6b,1,"(0, 1]"
5c10da56d712ac9c,1,"(0, 1]"
4a07b1988477502c,1,"(0, 1]"
5d7c18191b8aa432,1,"(0, 1]"
cc81c92fe2254935,1,"(0, 1]"
49efbdc6c9f650c4,1,"(0, 1]"
49e49b54e5901d0d,1,"(0, 1]"
4985113c0928aa62,1,"(0, 1]"
49590e0508b2c19f,1,"(0, 1]"
4948e412fa6ab67d,1,"(0, 1]"
6014d25e73b669c9,1,"(0, 1]"
5f6038bcdb95e3e4,1,"(0, 1]"
c1684f00c626f4c0,1,"(0, 1]"
601cf40c09090853,1,"(0, 1]"
476414d2f18cd059,1,"(0, 1]"
62918a2118de08b2,1,"(0, 1]"
ce47f49e5c386a9c,1,"(0, 1]"
ce6065baef021cf3,1,"(0, 1]"
c058823a2595ab09,1,"(0, 1]"
4a6dff1b260bcf61,1,"(0, 1]"
cf1a88371c8cb690,1,"(0, 1]"
60884f31ead1609c,1,"(0, 1]"
e3779ef06e98f185,1,"(0, 1]"
5bd533d50c8e7b8a,1,"(0, 1]"
4b4fc3ddc307bc73,1,"(0, 1]"
2b06b6ad5db63348,1,"(0, 1]"
d683f4870742b273,1,"(0, 1]"
5af480a3b2e1726b,1,"(0, 1]"
2adb11835acd815b,1,"(0, 1]"
2a7afe14b3a0a058,1,"(0, 1]"
2a6f8136da1e52c0,1,"(0, 1]"
b18fb36a4aa00093,1,"(0, 1]"
29f935654825331b,1,"(0, 1]"
5537efc6e496dd84,1,"(0, 1]"
2975297f505e9447,1,"(0, 1]"
296a120cb880477b,1,"(0, 1]"
2937cb502dda0808,1,"(0, 1]"
29162be25ebef5f0,1,"(0, 1]"
7ab478c397cd68ef,1,"(0, 1]"
28ba5f27e473420c,1,"(0, 1]"
2a8502954f49e682,1,"(0, 1]"
aee8eecfc4bfb1e7,1,"(0, 1]"
388abbf8832b5adf,1,"(0, 1]"
d62bb4d84a7267ba,1,"(0, 1]"
c3c23c99477c041b,1,"(0, 1]"
5b5b9c6f6f270369,1,"(0, 1]"
641ca2c2ed91b93c,1,"(0, 1]"
59a27d2e6d0802ac,1,"(0, 1]"
5a558ba1ff5e9121,1,"(0, 1]"
5a6e4d2f0c76a242,1,"(0, 1]"
6420efac0578988b,1,"(0, 1]"
6448e57a9533b7e4,1,"(0, 1]"
6a0b80a24f22e152,1,"(0, 1]"
bad28b7b34f334de,1,"(0, 1]"
d3711d3784b76255,1,"(0, 1]"
d38e8c6ae2dfc051,1,"(0, 1]"
d3b5ad3b15a64a18,1,"(0, 1]"
d3c554d6e11fc9d6,1,"(0, 1]"
3c48019bc387b80c,1,"(0, 1]"
6ad8e4296f7522d9,1,"(0, 1]"
6b5b9be990774f0e,1,"(0, 1]"
6b7bc7eaf2465387,1,"(0, 1]"
d41937647eae9a34,1,"(0, 1]"
3be16d817b36098b,1,"(0, 1]"
6bb1d2b714d4b3bc,1,"(0, 1]"
3bbcd63a016d9715,1,"(0, 1]"
b9e871af730f826c,1,"(0, 1]"
6c011be66326ad97,1,"(0, 1]"
b96939f2b8d88e82,1,"(0, 1]"
2bd98ab77a8daa75,1,"(0, 1]"
6d7886b094b471ac,1,"(0, 1]"
4679a38cced7c64a,1,"(0, 1]"
c4731f43693b96b8,1,"(0, 1]"
54ed8dc6f8c31207,1,"(0, 1]"
59aaf2730b84698a,1,"(0, 1]"
c6e6926a81adcd00,1,"(0, 1]"
c7be22a47a58365a,1,"(0, 1]"
545092d13c67aa49,1,"(0, 1]"
c6da1c24fe473418,1,"(0, 1]"
56bc9ccb609df534,1,"(0, 1]"
56f4b81ec4db61af,1,"(0, 1]"
5330fe7e4c3af81c,1,"(0, 1]"
523af801b3429015,1,"(0, 1]"
c61f66d8c3fd5f07,1,"(0, 1]"
c8cca8f3de5be4b4,1,"(0, 1]"
c933d423ebdbbbdb,1,"(0, 1]"
c940b42df95bbd28,1,"(0, 1]"
577ec7e108b94be3,1,"(0, 1]"
c96518b7f6881004,1,"(0, 1]"
5114f1b5ad4cdf72,1,"(0, 1]"
5898357a45a73674,1,"(0, 1]"
505934897b8b4824,1,"(0, 1]"
4fcf6e0c4e0e6664,1,"(0, 1]"
597499ac7a5aac62,1,"(0, 1]"
c4b6099f0d25f75e,1,"(0, 1]"
598a58db87b890ee,1,"(0, 1]"
2b1587a3376ab743,1,"(0, 1]"
3414b50b08a10600,1,"(0, 1]"
e0f959f65d0406b4,1,"(0, 1]"
338a11d3674eb2d4,1,"(0, 1]"
2f1700b3a4a09bc7,1,"(0, 1]"
775bad6d700d2302,1,"(0, 1]"
db6d5f691aea3fd3,1,"(0, 1]"
df2cf66d8c0123db,1,"(0, 1]"
db5dc7cb80d7d418,1,"(0, 1]"
32016899d0a222a3,1,"(0, 1]"
37e03538c960bac6,1,"(0, 1]"
d6d5da3c209884bc,1,"(0, 1]"
d6ead04919a894b1,1,"(0, 1]"
37cc294027f55e4d,1,"(0, 1]"
70380ccdc81915b8,1,"(0, 1]"
706404da0775dcbc,1,"(0, 1]"
b788862dd1c11eac,1,"(0, 1]"
710d93f1508f7104,1,"(0, 1]"
712c4db78b9373d1,1,"(0, 1]"
7195e2a932686f82,1,"(0, 1]"
36a432f22144843e,1,"(0, 1]"
b6b12014698cc345,1,"(0, 1]"
723b64c0e9a8f348,1,"(0, 1]"
35dc6220b113b7ec,1,"(0, 1]"
d8d7b24d276c8cb0,1,"(0, 1]"
b35a159f525764eb,1,"(0, 1]"
771b60ff889661c8,1,"(0, 1]"
2fee10d5cf86bfca,1,"(0, 1]"
312f7d7b2b2f7de4,1,"(0, 1]"
6e02c318762f52f1,1,"(0, 1]"
b51841e7c594090d,1,"(0, 1]"
31bbd46d57dfbcb7,1,"(0, 1]"
739fd4fbb5d862f4,1,"(0, 1]"
318e629d1eb7aa49,1,"(0, 1]"
73ef22f25d0f70e2,1,"(0, 1]"
31652c9267606d54,1,"(0, 1]"
dc950d59dc590aca,1,"(0, 1]"
3138fab619faf4d1,1,"(0, 1]"
312f47c3d2f83ffa,1,"(0, 1]"
2ff2e6e5abea3e53,1,"(0, 1]"
dd12382f28296f7b,1,"(0, 1]"
30cd319d39ee689b,1,"(0, 1]"
30cad5a751adcb48,1,"(0, 1]"
7498b3ac79a3b948,1,"(0, 1]"
74fefd43f073cd2f,1,"(0, 1]"
30b577b112bef42d,1,"(0, 1]"
ddbe4fa2ea573393,1,"(0, 1]"
7649c4c95b824488,1,"(0, 1]"
b3bbe88fecd6a0d2,1,"(0, 1]"
34218661c44ed55d,1,"(0, 1]"
32c3ee378671a5d9,1,"(0, 1]"
78d48d3874dacafd,1,"(0, 1]"
b5ea750025697880,1,"(0, 1]"
e670f8cc2969a789,1,"(0, 1]"
23ab42947c1990e3,1,"(0, 1]"
e741536153227386,1,"(0, 1]"
e780ccc79a209985,1,"(0, 1]"
e78f601035d677f2,1,"(0, 1]"
e7ec11096eac0282,1,"(0, 1]"
7d5b12de1625984e,1,"(0, 1]"
e803242fb2e41112,1,"(0, 1]"
af49a6c491ca22a3,1,"(0, 1]"
e82d5f54daa85a7e,1,"(0, 1]"
7b9aa973e5c04624,1,"(0, 1]"
e4a9dbade7c7e1a7,1,"(0, 1]"
e4770d5ed44a3970,1,"(0, 1]"
288aaa8f82040e02,1,"(0, 1]"
2cfba6c837c03ed0,1,"(0, 1]"
2caf993f53541fa1,1,"(0, 1]"
b27b8881d7444114,1,"(0, 1]"
782a2a17d3e38fdf,1,"(0, 1]"
b23fca14c7b79935,1,"(0, 1]"
78863e4a28204a6b,1,"(0, 1]"
e0d3d9b564f95635,1,"(0, 1]"
7cec3c4a5e7b6d68,1,"(0, 1]"
e62b36885ecdac27,1,"(0, 1]"
e5ca2bc2451a5956,1,"(0, 1]"
e4bde462b043d3e1,1,"(0, 1]"
72f890c5d421e705,1,"(0, 1]"
da6dfd09cca1d705,1,"(0, 1]"
32a3025d5db456ae,1,"(0, 1]"
326f94d6cfb1bf25,1,"(0, 1]"
320edfb0332b7073,1,"(0, 1]"
738acab0c6934dd8,1,"(0, 1]"
df5a77121ba84a5d,1,"(0, 1]"
2e04a3b4a2011b97,1,"(0, 1]"
2db0c114414d4f06,1,"(0, 1]"
e4e0f310b3cf23a8,1,"(0, 1]"
2549d63da9c456cb,1,"(0, 1]"
e503aa5c252a1b4d,1,"(0, 1]"
7ca4c3f8aa8bacae,1,"(0, 1]"
b05086131c6f5dc5,1,"(0, 1]"
26eddcda9d6b2ffe,1,"(0, 1]"
e530df53922f413e,1,"(0, 1]"
265589bdd93e7ce5,1,"(0, 1]"
e56df3c1d8b4b1cc,1,"(0, 1]"
2620f3eb21c79614,1,"(0, 1]"
e5c38954c006f15c,1,"(0, 1]"
39d309957c5c210d,1,"(0, 1]"
9a97acbfd5a08bfa,1,"(0, 1]"
d56caaa5e123f518,1,"(0, 1]"
e9e7e1c8ff289e1b,1,"(0, 1]"
918db42c3637916f,1,"(0, 1]"
095854a135e6db55,1,"(0, 1]"
08a7080ff5904661,1,"(0, 1]"
0876d21328cf4a45,1,"(0, 1]"
9199e0735b83dd32,1,"(0, 1]"
92b36014314b028b,1,"(0, 1]"
07797f10b9569cfc,1,"(0, 1]"
a0b91014e9d16a76,1,"(0, 1]"
94070f6544c4b2a5,1,"(0, 1]"
a0602dd050bebefc,1,"(0, 1]"
94609dd91731d428,1,"(0, 1]"
946db8a378903cc3,1,"(0, 1]"
948880beac71f028,1,"(0, 1]"
fbb60f24af5d5a02,1,"(0, 1]"
96087e90d900f0ef,1,"(0, 1]"
85e26e2468b4e82f,1,"(0, 1]"
a9a314cc77d90b6e,1,"(0, 1]"
564c2f5f9eb45d67,1,"(0, 1]"
ee4b670e159f4a33,1,"(0, 1]"
821cd80aab70d5f9,1,"(0, 1]"
ed7d329d7c29428d,1,"(0, 1]"
f96856f9d69fd7e4,1,"(0, 1]"
09c44b317c98bf96,1,"(0, 1]"
0a95c474e61a6c44,1,"(0, 1]"
9b5b5a75523728f3,1,"(0, 1]"
fdfef29ba17ee525,1,"(0, 1]"
04f9fe830cf13482,1,"(0, 1]"
02d276b7d62b3472,1,"(0, 1]"
9a967e8e43dcef63,1,"(0, 1]"
01f022fa494188e2,1,"(0, 1]"
01d2ed8c502e3828,1,"(0, 1]"
01c9e4013afce141,1,"(0, 1]"
9ab9912e0f8fa6d6,1,"(0, 1]"
ff2c606c8bc365e3,1,"(0, 1]"
9ca265dfe8323db3,1,"(0, 1]"
a220be6d41d6f97d,1,"(0, 1]"
9bad58fa651d6196,1,"(0, 1]"
fe5ca7ef93c3f6a7,1,"(0, 1]"
9f7787e56a6bc0f4,1,"(0, 1]"
970beed85bc46b63,1,"(0, 1]"
96d173b7f92aa520,1,"(0, 1]"
f782f953bfe7b5f2,1,"(0, 1]"
8fd1f27e86661ede,1,"(0, 1]"
91181b29be041f1c,1,"(0, 1]"
a24e080000fa7a35,1,"(0, 1]"
ea0ad155451ed1f5,1,"(0, 1]"
ae81a3ac7b260411,1,"(0, 1]"
fd87b1bbfcde9d5e,1,"(0, 1]"
ae58685caf8e4a0d,1,"(0, 1]"
85248da6e9e2f7e7,1,"(0, 1]"
1a49e0670dfaca31,1,"(0, 1]"
84512339473dd300,1,"(0, 1]"
ea398c802d9998ee,1,"(0, 1]"
abbc4fc02e0d84b3,1,"(0, 1]"
1f9c371c93dfd3a9,1,"(0, 1]"
eae4aec1a5a8ff01,1,"(0, 1]"
1d1b85389a05df69,1,"(0, 1]"
e8efeb9cf33b1941,1,"(0, 1]"
83c6c3e0f8bde8ee,1,"(0, 1]"
aebaa8cec15b083d,1,"(0, 1]"
21321cdfba797c52,1,"(0, 1]"
1abfb658cd4f8533,1,"(0, 1]"
22d1e00e1aabb7c9,1,"(0, 1]"
e8c170a64dc920ac,1,"(0, 1]"
83b743fedde154fb,1,"(0, 1]"
1f77fce698e80488,1,"(0, 1]"
ac70a4f1db1b8c40,1,"(0, 1]"
ee5df903f80c6816,1,"(0, 1]"
ab35634d1a8c7a11,1,"(0, 1]"
1a225f04aa6e0739,1,"(0, 1]"
1ffc38f67785797b,1,"(0, 1]"
22ee260735da0d58,1,"(0, 1]"
2299605af59fd309,1,"(0, 1]"
80c0bed43da0e27b,1,"(0, 1]"
803bebcfb6d6f506,1,"(0, 1]"
ee457ef1e1c326c1,1,"(0, 1]"
81ca2c245b19b3c5,1,"(0, 1]"
adea9f0090aa8e14,1,"(0, 1]"
ebc5af72ad5a28cb,1,"(0, 1]"
ab2a4b5e04dc5fe9,1,"(0, 1]"
8377c5572cb356f3,1,"(0, 1]"
eaa9402e5a7990ad,1,"(0, 1]"
edd8d5d8089a35f8,1,"(0, 1]"
aac6edb0d5e0b7e9,1,"(0, 1]"
1ea8df62b3f8fea6,1,"(0, 1]"
1e38bba6738b7b10,1,"(0, 1]"
abd2109bc4cb0291,1,"(0, 1]"
ed73c85164a5f5a4,1,"(0, 1]"
aae0897825336b1a,1,"(0, 1]"
21f2974fd08085e3,1,"(0, 1]"
1c061eb6e29eaa0a,1,"(0, 1]"
1cecc8fe6748a532,1,"(0, 1]"
adccbc19b22e19af,1,"(0, 1]"
e92901944ce91909,1,"(0, 1]"
9ddfb3369a3b0394,1,"(0, 1]"
fd7ab338e4953644,1,"(0, 1]"
d58478ded5534695,1,"(0, 1]"
8e6654e9f0461b8f,1,"(0, 1]"
3fed746acfd026dd,1,"(0, 1]"
d1dcd4e96464a53d,1,"(0, 1]"
3fa7688bfe48a493,1,"(0, 1]"
d1e6a6536ee62517,1,"(0, 1]"
d1feea7a4bdcd503,1,"(0, 1]"
6888e31ce88f5b17,1,"(0, 1]"
bcad7223af3c19da,1,"(0, 1]"
3eeec2f53cebdf12,1,"(0, 1]"
d2b1c1317a39f6c6,1,"(0, 1]"
be5cfd73617a5b1a,1,"(0, 1]"
237187ed9f419285,1,"(0, 1]"
b15862fcd6ded451,1,"(0, 1]"
231cae8b77fbbcc1,1,"(0, 1]"
a683f9ddb70aa4bd,1,"(0, 1]"
f300763147320d12,1,"(0, 1]"
132505067f08c54d,1,"(0, 1]"
aebfb84d1f6d2d8c,1,"(0, 1]"
1209b5134401ca53,1,"(0, 1]"
8d5350fa18b79e9a,1,"(0, 1]"
8d5daf67983b65ba,1,"(0, 1]"
108afe61a26bcbf4,1,"(0, 1]"
404ecb2700844072,1,"(0, 1]"
683ea28a198936fe,1,"(0, 1]"
411d012af19ecb59,1,"(0, 1]"
450bcab0968562c4,1,"(0, 1]"
6e0e977beb909837,1,"(0, 1]"
d61316139d68dbe3,1,"(0, 1]"
38ed5a2299230227,1,"(0, 1]"
3da19339ee7051d5,1,"(0, 1]"
3e03cec9767d37e6,1,"(0, 1]"
bba678d312590087,1,"(0, 1]"
69888118d968ba52,1,"(0, 1]"
4565d435005319c0,1,"(0, 1]"
64b12fe31be7560c,1,"(0, 1]"
44f9c777fed7ca03,1,"(0, 1]"
41498c2d1a87b154,1,"(0, 1]"
44aa652b181bcf68,1,"(0, 1]"
440c9dbab63528fb,1,"(0, 1]"
668222c99c5c311d,1,"(0, 1]"
43612456979e5d5e,1,"(0, 1]"
672ef06fd9f41f7d,1,"(0, 1]"
41e77dc504a192c6,1,"(0, 1]"
6776260cb0aef647,1,"(0, 1]"
d10b35152277cf98,1,"(0, 1]"
d632d156c0549e07,1,"(0, 1]"
10657c60ce349e0f,1,"(0, 1]"
8a0be41c0380188d,1,"(0, 1]"
02fc8f50f56eb307,1,"(0, 1]"
0f6528b461e47462,1,"(0, 1]"
155bfc7ed36622df,1,"(0, 1]"
8677e67a75d65b8e,1,"(0, 1]"
17cb6d8e8187f304,1,"(0, 1]"
f12f979b657ab876,1,"(0, 1]"
a7e3f02fe2b2fe30,1,"(0, 1]"
16bf6a73bdd302cd,1,"(0, 1]"
8788beb528894f33,1,"(0, 1]"
16a64f93f6678b7b,1,"(0, 1]"
f1f37d667bcd0d27,1,"(0, 1]"
15edcf67ccf5be84,1,"(0, 1]"
87f3bbf52e6c9dc9,1,"(0, 1]"
a6f3d15cb84334bb,1,"(0, 1]"
8738eacd62e82a32,1,"(0, 1]"
f74e037b97917027,1,"(0, 1]"
f75c5ca0d91b9115,1,"(0, 1]"
8fa2b06572365321,1,"(0, 1]"
979f7edbb6980b0d,1,"(0, 1]"
9eef6584fab21fbb,1,"(0, 1]"
040426baba8a45e8,1,"(0, 1]"
03dee485905dbc9f,1,"(0, 1]"
030f08370fd1c2bb,1,"(0, 1]"
184b955181bdef52,1,"(0, 1]"
863d06a7ef8bc98c,1,"(0, 1]"
f0264252e191da22,1,"(0, 1]"
0d1c163b206e8c5f,1,"(0, 1]"
8e893f269d5696b2,1,"(0, 1]"
f5f6419c5f00abad,1,"(0, 1]"
0ec821423baa26bd,1,"(0, 1]"
f62850b3c7480db9,1,"(0, 1]"
a44020ea2e8cd026,1,"(0, 1]"
0e31bfd26cc8c503,1,"(0, 1]"
0db70ca89e1c7374,1,"(0, 1]"
f70144caea5c4c80,1,"(0, 1]"
f717b6002486f73f,1,"(0, 1]"
0f3a990526c5e706,1,"(0, 1]"
a8c9d16fe2a14d72,1,"(0, 1]"
0cf935519d439ba6,1,"(0, 1]"
a6bbd3df469c6bea,1,"(0, 1]"
1562b12763cc8d67,1,"(0, 1]"
a8fa0c4e95512806,1,"(0, 1]"
85ff1b9471d35238,1,"(0, 1]"
86061eaba822bfea,1,"(0, 1]"
1975c2272ba40e71,1,"(0, 1]"
efd2b3e9bb7965a4,1,"(0, 1]"
a8d521d913df4e31,1,"(0, 1]"
001eb2ab0f30e7ea,1,"(0, 1]"
